,Open,High,Low,Close,Volume,Risk Free Rate
2022-01-01,0.1703,0.1738,0.1696,0.1733,97356981.0,
2022-01-02,0.1732,0.1764,0.1705,0.1744,92952357.5,
2022-01-03,0.1745,0.1745,0.1675,0.1703,177907851.1,0.01628000020980835
2022-01-04,0.1704,0.1726,0.1666,0.1684,150683562.7,0.016679999828338624
2022-01-05,0.1684,0.1711,0.1475,0.1591,288143435.0,0.01705000042915344
2022-01-06,0.1591,0.1621,0.1539,0.16,207158119.0,0.01733000040054321
2022-01-07,0.1598,0.1603,0.1491,0.1551,311955848.9,0.017710000276565552
2022-01-08,0.1552,0.1579,0.1452,0.151,212254602.9,0.017710000276565552
2022-01-09,0.151,0.1539,0.1486,0.1505,120847997.9,0.017710000276565552
2022-01-10,0.1506,0.1522,0.1368,0.1432,248060015.0,0.017799999713897705
2022-01-11,0.1431,0.1673,0.1417,0.1539,396093197.8,0.01746000051498413
2022-01-12,0.1539,0.1638,0.1513,0.163,278602838.1,0.017250000238418578
2022-01-13,0.1628,0.1771,0.1613,0.1717,709625286.5,0.017109999656677245
2022-01-14,0.1716,0.2151,0.1704,0.1834,1659571748.2,0.017719999551773072
2022-01-15,0.1833,0.1948,0.1817,0.1846,501326288.1,0.017719999551773072
2022-01-16,0.1845,0.1848,0.1734,0.1767,352572368.7,0.017719999551773072
2022-01-17,0.1767,0.1784,0.1657,0.171,360802521.3,0.017719999551773072
2022-01-18,0.171,0.1743,0.1617,0.165,356535365.7,0.018650000095367433
2022-01-19,0.1652,0.1696,0.1591,0.1616,317804258.4,0.018270000219345092
2022-01-20,0.1616,0.1694,0.1539,0.1554,285133114.4,0.018329999446868896
2022-01-21,0.1554,0.1578,0.14,0.1422,532013453.8,0.01746999979019165
2022-01-22,0.1422,0.1454,0.1201,0.1333,854329257.1,0.01746999979019165
2022-01-23,0.1333,0.1448,0.132,0.1418,512220774.3,0.01746999979019165
2022-01-24,0.1419,0.1419,0.1258,0.1374,684730733.7,0.017350000143051148
2022-01-25,0.1374,0.1543,0.1325,0.143,518555728.8,0.017829999923706055
2022-01-26,0.1429,0.1536,0.1409,0.1432,487976842.5,0.018480000495910646
2022-01-27,0.1433,0.1461,0.1361,0.1415,275646573.3,0.018070000410079955
2022-01-28,0.1415,0.1428,0.1378,0.1415,189960319.8,0.01781999945640564
2022-01-29,0.1416,0.1444,0.1403,0.143,154142384.7,0.01781999945640564
2022-01-30,0.1431,0.1438,0.1382,0.1392,151267742.8,0.01781999945640564
2022-01-31,0.1393,0.1425,0.1363,0.1417,208438510.4,0.01781999945640564
2022-02-01,0.1416,0.1444,0.1408,0.1425,225818151.9,0.017999999523162842
2022-02-02,0.1425,0.1465,0.1356,0.1371,208422755.5,0.01766000032424927
2022-02-03,0.1372,0.139,0.1347,0.1381,149124896.1,0.018270000219345092
2022-02-04,0.1381,0.1482,0.137,0.148,232451724.0,0.019299999475479127
2022-02-05,0.1479,0.1508,0.1447,0.147,198621246.5,0.019299999475479127
2022-02-06,0.147,0.1559,0.1447,0.1541,241793182.4,0.019299999475479127
2022-02-07,0.1541,0.1735,0.1515,0.1654,763252360.8,0.01916000008583069
2022-02-08,0.1654,0.1701,0.153,0.1584,377263980.1,0.019539999961853027
2022-02-09,0.1583,0.1625,0.1543,0.1595,365274230.2,0.019290000200271606
2022-02-10,0.1594,0.161,0.1502,0.1516,311715881.4,0.020309998989105224
2022-02-11,0.1516,0.1544,0.1422,0.1448,243450171.2,0.019550000429153443
2022-02-12,0.1447,0.1476,0.1406,0.1445,173248724.2,0.019550000429153443
2022-02-13,0.1444,0.158,0.1437,0.1482,513734755.9,0.019550000429153443
2022-02-14,0.1482,0.1508,0.1429,0.1458,271092333.1,0.01996000051498413
2022-02-15,0.1458,0.1525,0.1448,0.1518,170434449.9,0.020450000762939454
2022-02-16,0.1518,0.1518,0.1463,0.1488,130904593.8,0.02046999931335449
2022-02-17,0.1488,0.1501,0.1369,0.1384,240469420.9,0.01972000002861023
2022-02-18,0.1384,0.1423,0.1361,0.1386,171799482.3,0.019320000410079956
2022-02-19,0.1386,0.1465,0.1384,0.141,178676075.3,0.019320000410079956
2022-02-20,0.141,0.1412,0.135,0.1368,158913958.5,0.019320000410079956
2022-02-21,0.1366,0.1419,0.1271,0.1282,307909900.4,0.019320000410079956
2022-02-22,0.1283,0.1319,0.1239,0.1314,221035225.0,0.019479999542236327
2022-02-23,0.1313,0.1357,0.1272,0.1274,134632123.7,0.019769999980926514
2022-02-24,0.1273,0.1278,0.1065,0.1242,691178591.9,0.01968999981880188
2022-02-25,0.1241,0.1285,0.1206,0.1277,248489961.4,0.019859999418258667
2022-02-26,0.1278,0.1306,0.1256,0.1277,184307851.1,0.019859999418258667
2022-02-27,0.1278,0.1285,0.1212,0.1229,196682283.0,0.019859999418258667
2022-02-28,0.123,0.1349,0.1213,0.1334,262714675.6,0.018389999866485596
2022-03-01,0.1334,0.1391,0.1298,0.1342,242470988.5,0.017070000171661378
2022-03-02,0.1342,0.1373,0.1306,0.1332,147586850.3,0.018650000095367433
2022-03-03,0.1331,0.1339,0.1272,0.1297,116055755.7,0.01843999981880188
2022-03-04,0.1296,0.1302,0.1201,0.1227,210867698.0,0.017239999771118165
2022-03-05,0.1226,0.1257,0.1208,0.1251,68049559.3,0.017239999771118165
2022-03-06,0.1251,0.1256,0.1193,0.1207,138284084.9,0.017239999771118165
2022-03-07,0.1207,0.1227,0.1133,0.1167,170508440.1,0.017510000467300415
2022-03-08,0.1167,0.12,0.1152,0.1171,197257501.1,0.01871999979019165
2022-03-09,0.1171,0.1244,0.1164,0.1216,200593510.3,0.019479999542236327
2022-03-10,0.1216,0.1219,0.1147,0.1168,232382936.6,0.020109999179840087
2022-03-11,0.1168,0.1186,0.1138,0.1154,131346505.8,0.02003999948501587
2022-03-12,0.1154,0.1173,0.1146,0.1149,63496275.4,0.02003999948501587
2022-03-13,0.1149,0.1164,0.1099,0.1115,175257022.9,0.02003999948501587
2022-03-14,0.1115,0.1224,0.1103,0.1139,340330047.8,0.021400001049041748
2022-03-15,0.1139,0.1143,0.1101,0.1126,149856503.9,0.021600000858306885
2022-03-16,0.1127,0.1171,0.1121,0.117,253023392.7,0.02187999963760376
2022-03-17,0.1171,0.1194,0.1159,0.1164,168991788.1,0.02191999912261963
2022-03-18,0.1164,0.1196,0.1142,0.1192,161458340.9,0.021480000019073485
2022-03-19,0.1192,0.1252,0.1184,0.1237,258601352.7,0.021480000019073485
2022-03-20,0.1237,0.1242,0.1175,0.1193,142928241.1,0.021480000019073485
2022-03-21,0.1193,0.1218,0.1177,0.1193,200253477.0,0.02315000057220459
2022-03-22,0.1192,0.1257,0.1186,0.1225,208818661.5,0.02372999906539917
2022-03-23,0.1224,0.1321,0.121,0.1299,418148075.9,0.02321000099182129
2022-03-24,0.1299,0.1413,0.1277,0.1368,581638240.5,0.023410000801086427
2022-03-25,0.1369,0.1378,0.1275,0.1309,340011290.4,0.02492000102996826
2022-03-26,0.131,0.1372,0.129,0.1361,241451754.7,0.02492000102996826
2022-03-27,0.1361,0.1457,0.1355,0.1447,416559820.5,0.02492000102996826
2022-03-28,0.1447,0.1537,0.1405,0.1425,573370925.2,0.024769999980926515
2022-03-29,0.1424,0.149,0.1405,0.1444,279840780.6,0.024000000953674317
2022-03-30,0.1445,0.1456,0.1381,0.1432,245130198.9,0.023580000400543213
2022-03-31,0.1431,0.148,0.136,0.1381,270939753.6,0.023269999027252197
2022-04-01,0.1381,0.143,0.1321,0.1414,214076362.4,0.02377000093460083
2022-04-02,0.1414,0.1444,0.1381,0.1388,165564720.3,0.02377000093460083
2022-04-03,0.1388,0.1496,0.1362,0.1465,256976640.0,0.02377000093460083
2022-04-04,0.1466,0.1567,0.1413,0.1484,538939904.8,0.024119999408721924
2022-04-05,0.1485,0.1801,0.1472,0.1728,1313659654.3,0.025559999942779542
2022-04-06,0.1728,0.1747,0.1412,0.1434,950534489.7,0.026089999675750732
2022-04-07,0.1432,0.1483,0.1401,0.146,337126751.5,0.026519999504089356
2022-04-08,0.1459,0.1534,0.1405,0.1426,367305926.0,0.027130000591278076
2022-04-09,0.1424,0.1447,0.1406,0.1443,88146768.7,0.027130000591278076
2022-04-10,0.1443,0.1577,0.1436,0.1482,462203679.3,0.027130000591278076
2022-04-11,0.1483,0.1515,0.1329,0.1342,431989534.1,0.027799999713897704
2022-04-12,0.1341,0.1445,0.1331,0.1381,473689491.2,0.027249999046325683
2022-04-13,0.1381,0.1434,0.1363,0.14,170179368.3,0.02687000036239624
2022-04-14,0.1399,0.1477,0.1363,0.1441,419800623.1,0.028280000686645507
2022-04-15,0.1442,0.1497,0.1418,0.1459,231946320.4,0.028280000686645507
2022-04-16,0.1459,0.1481,0.1414,0.1436,121765751.5,0.028280000686645507
2022-04-17,0.1436,0.145,0.1384,0.1393,107671672.5,0.028280000686645507
2022-04-18,0.1393,0.1406,0.1331,0.1402,203617324.9,0.02861999988555908
2022-04-19,0.1401,0.1446,0.1391,0.1426,140585999.4,0.029130001068115235
2022-04-20,0.1426,0.1468,0.1391,0.1408,205039527.8,0.028399999141693114
2022-04-21,0.1407,0.143,0.1341,0.1364,141184860.0,0.029170000553131105
2022-04-22,0.1364,0.1382,0.1346,0.1364,89666778.2,0.029059998989105225
2022-04-23,0.1364,0.1368,0.1332,0.134,56742403.4,0.029059998989105225
2022-04-24,0.134,0.1348,0.131,0.1319,77658148.6,0.029059998989105225
2022-04-25,0.1319,0.1716,0.1226,0.1581,1368813909.9,0.028259999752044677
2022-04-26,0.1581,0.1667,0.1356,0.1377,1102017282.9,0.027720000743865967
2022-04-27,0.1377,0.146,0.1351,0.1401,366511023.8,0.02818000078201294
2022-04-28,0.14,0.1433,0.1353,0.1374,283412236.4,0.0286299991607666
2022-04-29,0.1375,0.145,0.1331,0.135,385880566.8,0.028870000839233398
2022-04-30,0.1349,0.1368,0.124,0.1274,232967033.7,0.028870000839233398
2022-05-01,0.1275,0.1365,0.1262,0.1326,205262494.6,0.028870000839233398
2022-05-02,0.1327,0.134,0.1275,0.1307,146522037.0,0.029960000514984132
2022-05-03,0.1307,0.132,0.1263,0.1294,103396292.2,0.029600000381469725
2022-05-04,0.1295,0.1363,0.1289,0.136,163335129.4,0.029170000553131105
2022-05-05,0.1359,0.1377,0.1252,0.1282,263667337.6,0.03065999984741211
2022-05-06,0.1282,0.1299,0.1233,0.1277,162136074.7,0.03122999906539917
2022-05-07,0.1278,0.1323,0.1245,0.1275,178515316.3,0.03122999906539917
2022-05-08,0.1273,0.1282,0.1226,0.1241,140807955.4,0.03122999906539917
2022-05-09,0.1241,0.1253,0.1001,0.1019,525409592.5,0.030789999961853026
2022-05-10,0.1019,0.1183,0.0992,0.1081,568232888.7,0.029930000305175782
2022-05-11,0.1081,0.1108,0.0694,0.085,994807593.5,0.02921000003814697
2022-05-12,0.0848,0.0896,0.065,0.0824,1054833258.4,0.028169999122619627
2022-05-13,0.0824,0.0963,0.0818,0.088,568051823.7,0.029349999427795412
2022-05-14,0.088,0.0919,0.0834,0.0893,221588444.4,0.029349999427795412
2022-05-15,0.0893,0.0932,0.0864,0.0931,167536036.1,0.029349999427795412
2022-05-16,0.093,0.0931,0.0858,0.0879,193358425.1,0.02877000093460083
2022-05-17,0.0878,0.0913,0.0867,0.0901,215156785.7,0.029679999351501465
2022-05-18,0.0901,0.0909,0.083,0.0833,286831603.4,0.028859999179840088
2022-05-19,0.0832,0.0875,0.0813,0.0866,180241818.6,0.028550000190734864
2022-05-20,0.0865,0.088,0.0824,0.0838,122503453.6,0.027869999408721924
2022-05-21,0.0837,0.0854,0.0822,0.0843,65725157.2,0.027869999408721924
2022-05-22,0.0843,0.0866,0.0837,0.0858,66106459.0,0.027869999408721924
2022-05-23,0.0858,0.0884,0.082,0.0833,149329638.1,0.02858999967575073
2022-05-24,0.0832,0.0843,0.08,0.0836,131170800.2,0.027599999904632567
2022-05-25,0.0836,0.0844,0.082,0.0829,112971761.6,0.02749000072479248
2022-05-26,0.0829,0.0837,0.0751,0.0778,206878708.5,0.0275600004196167
2022-05-27,0.0777,0.09,0.0759,0.0815,484413036.1,0.02743000030517578
2022-05-28,0.0814,0.0833,0.0808,0.0818,160819657.7,0.02743000030517578
2022-05-29,0.0818,0.0833,0.0798,0.0826,103635673.2,0.02743000030517578
2022-05-30,0.0826,0.0885,0.082,0.088,257502579.6,0.02743000030517578
2022-05-31,0.088,0.0885,0.083,0.0858,261625246.2,0.028440001010894774
2022-06-01,0.0859,0.0894,0.0787,0.081,239663161.4,0.02930999994277954
2022-06-02,0.0809,0.08309,0.0799,0.08269,120960446.1,0.029130001068115235
2022-06-03,0.08269,0.0829,0.0792,0.08023,227173938.8,0.02957000017166138
2022-06-04,0.08022,0.08246,0.07925,0.08183,336224078.2,0.02957000017166138
2022-06-05,0.08183,0.08217,0.08053,0.081,216666774.8,0.02957000017166138
2022-06-06,0.08102,0.08468,0.08079,0.08243,449696889.2,0.030380001068115236
2022-06-07,0.08242,0.0825,0.07764,0.0803,415852234.6,0.029719998836517336
2022-06-08,0.08031,0.08157,0.0787,0.07924,238428384.8,0.030290000438690186
2022-06-09,0.07922,0.08102,0.07882,0.07931,159014378.2,0.030439999103546143
2022-06-10,0.07931,0.07969,0.07413,0.07532,215131244.9,0.03155999898910523
2022-06-11,0.0753,0.07644,0.06783,0.06983,406837164.6,0.03155999898910523
2022-06-12,0.06987,0.0703,0.06336,0.06339,453023242.6,0.03155999898910523
2022-06-13,0.0634,0.06616,0.05221,0.05417,1016472903.7,0.03365999937057495
2022-06-14,0.0541,0.05837,0.04973,0.05553,666535320.3,0.03483000040054321
2022-06-15,0.0555,0.06388,0.05032,0.06282,916424549.8,0.033949999809265136
2022-06-16,0.06283,0.06283,0.05413,0.05514,629937789.3,0.03306999921798706
2022-06-17,0.05518,0.05806,0.05454,0.05683,362982618.3,0.032390000820159914
2022-06-18,0.05683,0.05783,0.04908,0.05282,601671131.6,0.032390000820159914
2022-06-19,0.05283,0.0629,0.05108,0.0604,791478594.4,0.032390000820159914
2022-06-20,0.0604,0.06145,0.05736,0.05994,382670463.9,0.032390000820159914
2022-06-21,0.05994,0.06988,0.05891,0.06572,746047884.2,0.03306999921798706
2022-06-22,0.06578,0.06579,0.061,0.06162,546145021.1,0.03155999898910523
2022-06-23,0.06163,0.0647,0.0615,0.06396,317428670.3,0.03068000078201294
2022-06-24,0.06395,0.06853,0.06388,0.0669,316480056.4,0.03125
2022-06-25,0.06687,0.06932,0.06504,0.0685,274996305.1,0.03125
2022-06-26,0.06849,0.07776,0.06712,0.07295,648353981.3,0.03125
2022-06-27,0.07294,0.07876,0.07047,0.07206,645926332.5,0.03194000005722046
2022-06-28,0.07208,0.07328,0.0653,0.06602,322578673.0,0.03206000089645386
2022-06-29,0.06599,0.07168,0.06402,0.06939,394321431.1,0.030929999351501467
2022-06-30,0.0695,0.06964,0.06221,0.0664,415931718.1,0.029719998836517336
2022-07-01,0.0664,0.06876,0.06377,0.06641,305531094.4,0.028889999389648438
2022-07-02,0.06641,0.06793,0.0654,0.06658,181748466.7,0.028889999389648438
2022-07-03,0.06657,0.06745,0.06474,0.06711,154264646.0,0.028889999389648438
2022-07-04,0.06711,0.06973,0.06559,0.0693,175010053.7,0.028889999389648438
2022-07-05,0.06929,0.06995,0.0654,0.06709,168749672.7,0.02809000015258789
2022-07-06,0.06708,0.0692,0.06609,0.06833,198287996.3,0.029130001068115235
2022-07-07,0.06833,0.07119,0.06782,0.07051,172371492.2,0.03007999897003174
2022-07-08,0.07052,0.07349,0.06819,0.06907,251004930.1,0.031010000705718993
2022-07-09,0.06901,0.07014,0.06879,0.06944,89831413.3,0.031010000705718993
2022-07-10,0.06945,0.06947,0.06619,0.06725,138611472.2,0.031010000705718993
2022-07-11,0.06725,0.06725,0.06112,0.0617,229084806.9,0.029909999370574952
2022-07-12,0.06172,0.06304,0.05966,0.05977,147920233.0,0.029579999446868895
2022-07-13,0.05972,0.0623,0.05745,0.0619,305908100.6,0.029040000438690185
2022-07-14,0.06191,0.06278,0.05944,0.06243,189491374.0,0.029600000381469725
2022-07-15,0.06245,0.06439,0.06157,0.06293,221068449.1,0.02930000066757202
2022-07-16,0.06291,0.06481,0.06171,0.06435,180211482.7,0.02930000066757202
2022-07-17,0.06437,0.06549,0.06286,0.06306,156436628.2,0.02930000066757202
2022-07-18,0.06306,0.06895,0.06297,0.06757,343792332.1,0.029600000381469725
2022-07-19,0.06755,0.0703,0.06538,0.06902,303253635.6,0.030190000534057616
2022-07-20,0.06903,0.07699,0.06767,0.07015,610755585.2,0.030360000133514406
2022-07-21,0.07014,0.07094,0.06692,0.06999,205926981.7,0.029100000858306885
2022-07-22,0.06996,0.07144,0.06671,0.06745,174999993.0,0.027829999923706054
2022-07-23,0.06744,0.06952,0.06596,0.06803,124087260.5,0.027829999923706054
2022-07-24,0.06804,0.06895,0.06723,0.06754,114551590.8,0.027829999923706054
2022-07-25,0.06754,0.06803,0.06176,0.06196,194729162.9,0.028199999332427977
2022-07-26,0.06193,0.06271,0.06008,0.06255,161645421.0,0.027869999408721924
2022-07-27,0.06255,0.06726,0.06178,0.06726,223383955.5,0.027339999675750733
2022-07-28,0.06724,0.07088,0.06517,0.06909,414286494.9,0.02680999994277954
2022-07-29,0.06911,0.07249,0.0669,0.06881,396291737.2,0.026419999599456786
2022-07-30,0.06881,0.0746,0.06792,0.06966,392219623.7,0.026419999599456786
2022-07-31,0.0697,0.07226,0.06782,0.06808,231652380.2,0.026419999599456786
2022-08-01,0.0681,0.07132,0.06682,0.06845,274306714.7,0.026059999465942382
2022-08-02,0.06849,0.06914,0.06548,0.06654,189130183.2,0.02740999937057495
2022-08-03,0.06653,0.06845,0.06511,0.06626,149724167.4,0.02747999906539917
2022-08-04,0.06625,0.06764,0.06573,0.06725,145496443.4,0.026760001182556153
2022-08-05,0.06727,0.07031,0.06718,0.0698,203664002.5,0.028399999141693114
2022-08-06,0.0698,0.07131,0.06841,0.06864,174260119.9,0.028399999141693114
2022-08-07,0.06864,0.07003,0.06738,0.06896,114994882.0,0.028399999141693114
2022-08-08,0.06896,0.07257,0.06884,0.07015,236966343.1,0.027650001049041747
2022-08-09,0.07013,0.07427,0.06777,0.06906,359548885.9,0.02796999931335449
2022-08-10,0.06905,0.07151,0.06659,0.07129,265759297.3,0.027860000133514404
2022-08-11,0.07129,0.0755,0.07043,0.0709,250472396.9,0.028880000114440918
2022-08-12,0.0709,0.07276,0.06972,0.07235,152581575.4,0.028489999771118164
2022-08-13,0.07234,0.0752,0.07185,0.07295,246962097.4,0.028489999771118164
2022-08-14,0.07298,0.08472,0.07264,0.08169,852474935.0,0.028489999771118164
2022-08-15,0.08173,0.0821,0.07472,0.07664,550844238.2,0.027909998893737794
2022-08-16,0.07662,0.09,0.07617,0.08679,1176815546.0,0.028239998817443848
2022-08-17,0.08676,0.08895,0.07937,0.08022,603724198.6,0.028929998874664308
2022-08-18,0.08022,0.08228,0.07344,0.07474,336070310.5,0.02880000114440918
2022-08-19,0.07472,0.07532,0.06704,0.06774,594237271.7,0.029890000820159912
2022-08-20,0.06774,0.07121,0.06762,0.06936,356612522.8,0.029890000820159912
2022-08-21,0.06932,0.07075,0.06737,0.06935,234799811.7,0.029890000820159912
2022-08-22,0.0693,0.06944,0.06518,0.06839,268953944.9,0.030369999408721923
2022-08-23,0.0684,0.06924,0.06686,0.06881,167529656.8,0.03053999900817871
2022-08-24,0.06884,0.06965,0.06703,0.06791,173316707.5,0.031059999465942383
2022-08-25,0.06791,0.07183,0.06763,0.06899,203145816.3,0.030260000228881836
2022-08-26,0.06898,0.07022,0.06274,0.06354,395618167.7,0.030350000858306886
2022-08-27,0.06351,0.06415,0.06221,0.06353,238265430.7,0.030350000858306886
2022-08-28,0.06351,0.06433,0.0613,0.06178,186392890.8,0.030350000858306886
2022-08-29,0.06178,0.0641,0.06086,0.06387,167462303.0,0.031099998950958253
2022-08-30,0.06386,0.06449,0.06007,0.06157,153516653.5,0.031099998950958253
2022-08-31,0.06156,0.06348,0.06072,0.06133,176599398.0,0.03132999897003174
2022-09-01,0.06133,0.06262,0.05988,0.06238,168079123.4,0.03265000104904175
2022-09-02,0.06238,0.06288,0.0607,0.06167,128248988.1,0.03193000078201294
2022-09-03,0.06164,0.06403,0.06114,0.06273,176378732.3,0.03193000078201294
2022-09-04,0.06273,0.06391,0.06187,0.06321,142489292.0,0.03193000078201294
2022-09-05,0.06322,0.06374,0.06093,0.06275,129984701.0,0.03193000078201294
2022-09-06,0.06273,0.06525,0.05803,0.0589,315809170.2,0.033399999141693115
2022-09-07,0.05886,0.06155,0.05739,0.06098,170841971.8,0.03265000104904175
2022-09-08,0.06099,0.06142,0.05964,0.06098,127799080.7,0.0329200005531311
2022-09-09,0.061,0.06493,0.06089,0.06388,266931725.2,0.03321000099182129
2022-09-10,0.06388,0.06557,0.06316,0.06472,246941145.4,0.03321000099182129
2022-09-11,0.06475,0.06533,0.06263,0.06371,182493803.5,0.03321000099182129
2022-09-12,0.06372,0.06544,0.06261,0.06397,177047419.8,0.03361999988555908
2022-09-13,0.06395,0.06419,0.05923,0.05967,260943603.3,0.03421999931335449
2022-09-14,0.05967,0.06156,0.05918,0.06118,264423185.5,0.03411999940872192
2022-09-15,0.06117,0.06124,0.05851,0.05865,259043001.6,0.03459000110626221
2022-09-16,0.05866,0.06055,0.05814,0.06049,247796881.0,0.03447999954223633
2022-09-17,0.06048,0.06241,0.06024,0.06221,201265868.3,0.03447999954223633
2022-09-18,0.06222,0.06224,0.05635,0.05743,151792593.0,0.03447999954223633
2022-09-19,0.05745,0.05885,0.05589,0.05856,204254941.4,0.03490000009536743
2022-09-20,0.05855,0.06063,0.05759,0.05843,292597482.9,0.03571000099182129
2022-09-21,0.05841,0.06094,0.05607,0.05718,406989260.1,0.03509999990463257
2022-09-22,0.05717,0.06011,0.05684,0.0596,250665152.4,0.0370799994468689
2022-09-23,0.05958,0.06432,0.05911,0.06335,536670713.0,0.03697000026702881
2022-09-24,0.06332,0.06832,0.06246,0.06308,447487284.3,0.03697000026702881
2022-09-25,0.06308,0.06389,0.06006,0.06119,192438544.8,0.03697000026702881
2022-09-26,0.06117,0.06187,0.05978,0.06114,180521696.6,0.038780000209808346
2022-09-27,0.06114,0.06307,0.05975,0.0605,266352137.5,0.039639999866485594
2022-09-28,0.0605,0.06112,0.05849,0.06049,140863616.0,0.037049999237060545
2022-09-29,0.06049,0.06108,0.05927,0.06087,100076924.3,0.03746999979019165
2022-09-30,0.06087,0.06225,0.05959,0.06168,201010580.4,0.03803999900817871
2022-10-01,0.06167,0.06314,0.06026,0.06057,218923254.2,0.03803999900817871
2022-10-02,0.06056,0.06096,0.0588,0.05926,111672190.4,0.03803999900817871
2022-10-03,0.05928,0.06058,0.0588,0.06032,139239929.9,0.03651000022888184
2022-10-04,0.06032,0.0665,0.05993,0.06586,476804147.6,0.036170001029968264
2022-10-05,0.06586,0.06688,0.06264,0.06478,348445643.7,0.03759000062942505
2022-10-06,0.0648,0.06688,0.06284,0.06345,292510138.7,0.03825999975204468
2022-10-07,0.06344,0.06384,0.06134,0.06238,211149927.5,0.03882999897003174
2022-10-08,0.06238,0.06267,0.06121,0.06165,95235091.6,0.03882999897003174
2022-10-09,0.06164,0.0624,0.06117,0.06211,92666031.2,0.03882999897003174
2022-10-10,0.0621,0.06252,0.0592,0.0594,213230767.7,0.03888000011444092
2022-10-11,0.05939,0.06087,0.05752,0.06024,211741795.4,0.03938999891281128
2022-10-12,0.06024,0.06099,0.05927,0.0598,108502512.5,0.03901999950408935
2022-10-13,0.0598,0.0604,0.05501,0.05967,288595880.7,0.0395199990272522
2022-10-14,0.05963,0.06103,0.05806,0.05866,158700913.1,0.04010000228881836
2022-10-15,0.05864,0.0598,0.05797,0.0586,88242453.2,0.04010000228881836
2022-10-16,0.0586,0.05946,0.05846,0.05891,62318342.3,0.04010000228881836
2022-10-17,0.05887,0.06019,0.05855,0.06,79717252.9,0.040149998664855954
2022-10-18,0.05997,0.06112,0.05853,0.05975,139532974.5,0.03997999906539917
2022-10-19,0.05975,0.06079,0.05821,0.05869,208317283.9,0.04126999855041504
2022-10-20,0.05869,0.06038,0.05824,0.05945,303239099.2,0.0422599983215332
2022-10-21,0.05944,0.05951,0.05714,0.05933,133532916.7,0.04212999820709228
2022-10-22,0.05933,0.05991,0.05911,0.05971,78806277.8,0.04212999820709228
2022-10-23,0.0597,0.06048,0.05867,0.06038,92437097.0,0.04212999820709228
2022-10-24,0.06039,0.06092,0.05867,0.05946,110948357.6,0.04234000205993652
2022-10-25,0.05946,0.065,0.05915,0.06305,301118019.7,0.04107999801635742
2022-10-26,0.06306,0.07368,0.06261,0.07276,634817671.1,0.040149998664855954
2022-10-27,0.07268,0.08557,0.07174,0.07688,1230764380.4,0.03937000036239624
2022-10-28,0.07689,0.08857,0.0725,0.08387,1339960929.0,0.04010000228881836
2022-10-29,0.0839,0.15162,0.08268,0.12185,2977248580.4,0.04010000228881836
2022-10-30,0.12172,0.1437,0.11112,0.11779,1872742922.0,0.04010000228881836
2022-10-31,0.11781,0.1316,0.11388,0.12685,1705399336.8,0.04077000141143799
2022-11-01,0.12688,0.1588,0.12442,0.14219,2382098261.8,0.040520000457763675
2022-11-02,0.14221,0.148,0.12177,0.1276,1940760073.8,0.04059000015258789
2022-11-03,0.12764,0.13698,0.11953,0.12261,1260318587.9,0.04124000072479248
2022-11-04,0.12256,0.12916,0.11545,0.12616,1567806553.6,0.041560001373291015
2022-11-05,0.12613,0.1359,0.12034,0.12448,828320540.3,0.041560001373291015
2022-11-06,0.1245,0.12771,0.11194,0.11479,552981398.1,0.041560001373291015
2022-11-07,0.11479,0.11907,0.107,0.11128,707755806.5,0.04214000225067139
2022-11-08,0.11128,0.113,0.07748,0.08835,1555759607.8,0.04125999927520752
2022-11-09,0.08827,0.09257,0.07035,0.07446,1340095954.2,0.041510000228881835
2022-11-10,0.07445,0.094,0.07292,0.08959,1041438896.9,0.038289999961853026
2022-11-11,0.08955,0.093,0.07981,0.08488,703401238.1,0.03812999963760376
2022-11-12,0.08491,0.09488,0.07828,0.08806,850468901.6,0.03812999963760376
2022-11-13,0.08803,0.09139,0.08261,0.08483,582048401.2,0.03812999963760376
2022-11-14,0.08484,0.09123,0.0791,0.0858,663161944.6,0.03865000009536743
2022-11-15,0.0858,0.08949,0.08469,0.08695,459914069.3,0.03799000024795532
2022-11-16,0.08696,0.09103,0.08329,0.08543,335036739.6,0.03691999912261963
2022-11-17,0.0854,0.08723,0.0824,0.08457,277759543.6,0.03775000095367432
2022-11-18,0.08457,0.0867,0.08349,0.08465,196284214.1,0.03818000078201294
2022-11-19,0.08459,0.0849,0.08295,0.0844,129046302.4,0.03818000078201294
2022-11-20,0.08442,0.08574,0.07623,0.07692,335160871.6,0.03818000078201294
2022-11-21,0.07694,0.0773,0.07117,0.07458,495051782.8,0.03825000047683716
2022-11-22,0.07459,0.07954,0.07298,0.07866,403937953.6,0.03757999897003174
2022-11-23,0.07864,0.08343,0.07768,0.08187,363433893.4,0.03706000089645386
2022-11-24,0.08187,0.08414,0.0804,0.08138,210013509.7,0.03706000089645386
2022-11-25,0.08138,0.09179,0.08046,0.08947,675193600.5,0.03690999984741211
2022-11-26,0.08944,0.09548,0.08707,0.08887,600142146.5,0.03690999984741211
2022-11-27,0.08885,0.10784,0.08877,0.09861,1151566348.0,0.03690999984741211
2022-11-28,0.0986,0.09963,0.09053,0.09506,862598173.9,0.037030000686645505
2022-11-29,0.09505,0.10578,0.09357,0.10142,861347595.3,0.03747999906539917
2022-11-30,0.10143,0.11,0.09937,0.10676,944111800.5,0.037030000686645505
2022-12-01,0.10672,0.10777,0.10019,0.10163,517942706.2,0.03529000043869018
2022-12-02,0.10159,0.10361,0.09639,0.10213,455118910.8,0.035060000419616696
2022-12-03,0.10211,0.10312,0.09809,0.09969,412731523.7,0.035060000419616696
2022-12-04,0.09973,0.10574,0.09954,0.1041,387657297.0,0.035060000419616696
2022-12-05,0.10408,0.11172,0.09926,0.10149,518565138.1,0.035989999771118164
2022-12-06,0.1015,0.10278,0.098,0.1002,334588001.5,0.03513000011444092
2022-12-07,0.1002,0.10122,0.093,0.09575,355516628.4,0.034079999923706056
2022-12-08,0.09575,0.09919,0.09468,0.0985,250308915.9,0.03490999937057495
2022-12-09,0.09849,0.09944,0.09562,0.0967,231108350.8,0.03566999912261963
2022-12-10,0.0967,0.09741,0.09603,0.09629,166833998.7,0.03566999912261963
2022-12-11,0.09628,0.09716,0.09155,0.09264,185273891.7,0.03566999912261963
2022-12-12,0.09264,0.09299,0.08471,0.09029,691555357.6,0.036110000610351564
2022-12-13,0.0903,0.09573,0.08701,0.09103,564364599.6,0.035009999275207516
2022-12-14,0.09101,0.09248,0.08696,0.08825,490939557.3,0.03503000020980835
2022-12-15,0.08829,0.08884,0.08405,0.08486,365652925.5,0.034500000476837156
2022-12-16,0.08483,0.08683,0.07395,0.07579,834877231.9,0.034820001125335696
2022-12-17,0.07575,0.07951,0.07555,0.07923,620913645.2,0.034820001125335696
2022-12-18,0.0792,0.08007,0.07758,0.07845,273399050.9,0.034820001125335696
2022-12-19,0.07851,0.07952,0.06984,0.07136,763743275.1,0.03581000089645386
2022-12-20,0.07135,0.07566,0.07107,0.07488,452636738.9,0.03684000015258789
2022-12-21,0.0749,0.07504,0.07135,0.07371,481515163.6,0.03684000015258789
2022-12-22,0.07368,0.0778,0.07326,0.07685,577847575.9,0.036689999103546145
2022-12-23,0.07684,0.07904,0.07618,0.0772,409085885.2,0.03750999927520752
2022-12-24,0.07718,0.07816,0.07663,0.07749,168273814.7,0.03750999927520752
2022-12-25,0.07749,0.07766,0.07314,0.07599,376647040.3,0.03750999927520752
2022-12-26,0.07596,0.07661,0.07426,0.07566,181269092.9,0.03750999927520752
2022-12-27,0.07568,0.07613,0.07255,0.07365,269703008.8,0.03859999895095825
2022-12-28,0.07369,0.07386,0.06925,0.07036,653938733.7,0.0388700008392334
2022-12-29,0.07038,0.07161,0.06922,0.07088,316962393.3,0.038350000381469726
2022-12-30,0.07088,0.07141,0.06576,0.06837,534723302.0,0.038789999485015866
2022-12-31,0.06837,0.07131,0.0679,0.07019,376075554.2,0.038789999485015866
2023-01-01,0.0702,0.0708,0.06899,0.0702,221572670.2,0.038789999485015866
2023-01-02,0.07018,0.07371,0.06902,0.07135,399117125.9,0.038789999485015866
2023-01-03,0.07135,0.07228,0.06941,0.07047,296575905.4,0.037929999828338626
2023-01-04,0.07047,0.07356,0.07016,0.07307,404829426.7,0.037090001106262205
2023-01-05,0.07306,0.07528,0.07033,0.0715,459361041.3,0.03720000028610229
2023-01-06,0.07149,0.07276,0.06947,0.07241,321332618.6,0.03569000005722046
2023-01-07,0.07242,0.07302,0.07165,0.07218,122036746.1,0.03569000005722046
2023-01-08,0.07222,0.07397,0.0712,0.07358,230080556.5,0.03569000005722046
2023-01-09,0.07359,0.07961,0.07292,0.07563,813724228.3,0.03516999959945679
2023-01-10,0.07564,0.0779,0.07377,0.07783,475832060.4,0.03621000051498413
2023-01-11,0.07782,0.07857,0.0747,0.07817,370465474.4,0.03553999900817871
2023-01-12,0.07821,0.08126,0.07515,0.08026,658475477.8,0.03448999881744385
2023-01-13,0.08023,0.08523,0.07856,0.08453,475072627.4,0.03510999917984009
2023-01-14,0.08451,0.0927,0.0824,0.08729,1000610389.5,0.03510999917984009
2023-01-15,0.08729,0.08796,0.0828,0.08609,440738517.0,0.03510999917984009
2023-01-16,0.08609,0.08829,0.08148,0.08369,477052499.9,0.03510999917984009
2023-01-17,0.08366,0.08505,0.08194,0.08283,265479086.3,0.03535000085830688
2023-01-18,0.08282,0.08974,0.07712,0.07996,693597132.0,0.03375
2023-01-19,0.07999,0.08217,0.07974,0.0816,311765834.6,0.03397000074386597
2023-01-20,0.08159,0.08703,0.0806,0.08619,399685976.3,0.03483999967575073
2023-01-21,0.08618,0.08911,0.08425,0.08467,520305262.7,0.03483999967575073
2023-01-22,0.08467,0.09339,0.08436,0.08823,614365118.1,0.03483999967575073
2023-01-23,0.08823,0.09152,0.08621,0.08853,538591634.2,0.03525000095367432
2023-01-24,0.08854,0.09083,0.0822,0.08388,437063382.0,0.034690001010894776
2023-01-25,0.08389,0.0882,0.08167,0.08655,448878296.3,0.03461999893188476
2023-01-26,0.08657,0.08774,0.0846,0.08636,320110878.3,0.03493000030517578
2023-01-27,0.08635,0.08803,0.08358,0.08728,328730473.2,0.0351799988746643
2023-01-28,0.08726,0.09372,0.08685,0.08777,382676892.3,0.0351799988746643
2023-01-29,0.08777,0.091,0.08731,0.09008,292300101.3,0.0351799988746643
2023-01-30,0.09009,0.09339,0.08467,0.08833,488904062.1,0.03551000118255615
2023-01-31,0.08832,0.09781,0.08823,0.09611,1035656561.1,0.03529000043869018
2023-02-01,0.09612,0.09718,0.08822,0.09404,724354257.4,0.03397000074386597
2023-02-02,0.09404,0.09601,0.09006,0.09104,464611851.2,0.033959999084472656
2023-02-03,0.09104,0.09336,0.09032,0.09293,302109425.3,0.03532000064849854
2023-02-04,0.09293,0.09981,0.09251,0.09565,639641304.9,0.03532000064849854
2023-02-05,0.09565,0.097,0.09045,0.09206,448680890.8,0.03532000064849854
2023-02-06,0.09204,0.09329,0.08845,0.0896,265410783.1,0.03634000062942505
2023-02-07,0.0896,0.09277,0.08945,0.09255,264361785.6,0.036740000247955325
2023-02-08,0.09256,0.09339,0.08851,0.09018,258551920.9,0.036530001163482664
2023-02-09,0.09018,0.09093,0.07889,0.08144,637180147.2,0.03683000087738037
2023-02-10,0.08147,0.08304,0.07944,0.0809,360112569.0,0.0374399995803833
2023-02-11,0.0809,0.08259,0.08066,0.08227,125514432.3,0.0374399995803833
2023-02-12,0.08229,0.08582,0.08119,0.08218,291770645.6,0.0374399995803833
2023-02-13,0.08217,0.08645,0.07951,0.08216,457128943.7,0.037170000076293945
2023-02-14,0.08217,0.08373,0.08019,0.08361,330392001.6,0.037609999179840085
2023-02-15,0.0836,0.0896,0.08267,0.08927,598886301.7,0.03809000015258789
2023-02-16,0.08928,0.09196,0.08471,0.0849,626064825.4,0.038429999351501466
2023-02-17,0.08488,0.08852,0.08431,0.08775,297969195.0,0.038280000686645506
2023-02-18,0.08774,0.09047,0.08676,0.08886,224574259.8,0.038280000686645506
2023-02-19,0.08887,0.09003,0.08566,0.08704,339755858.1,0.038280000686645506
2023-02-20,0.08698,0.08874,0.08516,0.0883,377439827.8,0.038280000686645506
2023-02-21,0.0883,0.08887,0.08427,0.08545,312438103.0,0.03954999923706055
2023-02-22,0.08547,0.08908,0.08287,0.08549,492686128.1,0.0392300009727478
2023-02-23,0.08556,0.08642,0.08351,0.08422,229833854.9,0.038789999485015866
2023-02-24,0.08421,0.085,0.07926,0.08092,274523119.4,0.03948999881744385
2023-02-25,0.08095,0.08219,0.07849,0.08076,198997389.0,0.03948999881744385
2023-02-26,0.08076,0.08265,0.08038,0.08218,129213951.2,0.03948999881744385
2023-02-27,0.08217,0.08228,0.07992,0.08135,193756692.8,0.039219999313354494
2023-02-28,0.08137,0.08308,0.07989,0.08086,306867778.6,0.039159998893737794
2023-03-01,0.08086,0.08286,0.08026,0.08192,158107052.1,0.0399399995803833
2023-03-02,0.0819,0.08226,0.07959,0.08054,152939384.3,0.04072999954223633
2023-03-03,0.08053,0.0806,0.07242,0.07685,396097323.4,0.039639999866485594
2023-03-04,0.07686,0.07729,0.07257,0.07463,74967577.4,0.039639999866485594
2023-03-05,0.07463,0.07607,0.07427,0.07477,134867377.0,0.039639999866485594
2023-03-06,0.07475,0.07514,0.07317,0.0748,194382415.6,0.039830000400543214
2023-03-07,0.07477,0.07598,0.0723,0.07407,265374398.8,0.03974999904632568
2023-03-08,0.07405,0.0743,0.07,0.07113,352613734.1,0.039760000705718994
2023-03-09,0.07109,0.07226,0.06403,0.06603,665493458.8,0.03924999952316284
2023-03-10,0.06604,0.06622,0.06253,0.06598,422024176.1,0.03694999933242798
2023-03-11,0.06594,0.06914,0.06364,0.06659,338343740.6,0.03694999933242798
2023-03-12,0.06656,0.07151,0.0659,0.07101,259812226.1,0.03694999933242798
2023-03-13,0.071,0.07397,0.06827,0.07316,381494210.6,0.03515000104904175
2023-03-14,0.07316,0.07794,0.07153,0.0748,427441281.4,0.03638000011444092
2023-03-15,0.0748,0.07632,0.06756,0.06994,506077300.5,0.03492000102996826
2023-03-16,0.06993,0.07423,0.06897,0.07269,362534637.5,0.035850000381469724
2023-03-17,0.0727,0.07742,0.07162,0.07658,316715887.0,0.033949999809265136
2023-03-18,0.07657,0.07906,0.07257,0.07312,365428711.3,0.033949999809265136
2023-03-19,0.0732,0.07675,0.07318,0.07473,161653557.2,0.033949999809265136
2023-03-20,0.07477,0.07578,0.07051,0.07163,210094115.2,0.03480999946594238
2023-03-21,0.07159,0.07812,0.0706,0.07683,337914066.7,0.036059999465942384
2023-03-22,0.07682,0.07825,0.07165,0.07407,497758659.4,0.035
2023-03-23,0.07407,0.07938,0.07313,0.07748,331349347.7,0.03405999898910522
2023-03-24,0.07749,0.07763,0.07291,0.07458,244837721.2,0.03380000114440918
2023-03-25,0.07453,0.07606,0.07256,0.07412,118047805.9,0.03380000114440918
2023-03-26,0.07413,0.07551,0.07341,0.07442,106546607.4,0.03380000114440918
2023-03-27,0.07445,0.07622,0.07127,0.0729,235672773.9,0.03528000116348266
2023-03-28,0.07292,0.07403,0.07168,0.07385,151404226.0,0.03563999891281128
2023-03-29,0.07388,0.07685,0.0735,0.07558,202978504.8,0.03565999984741211
2023-03-30,0.07557,0.07685,0.07334,0.07422,207780793.3,0.03551000118255615
2023-03-31,0.07422,0.07791,0.07345,0.07698,147548039.3,0.0349399995803833
2023-04-01,0.07696,0.08338,0.07593,0.08186,321106015.9,0.0349399995803833
2023-04-02,0.08189,0.08562,0.07733,0.07907,325717693.8,0.0349399995803833
2023-04-03,0.07906,0.1048,0.07606,0.09608,1459754717.1,0.03430000066757202
2023-04-04,0.09608,0.1035,0.09215,0.09516,1391036145.1,0.03336999893188477
2023-04-05,0.0951,0.09917,0.09058,0.09271,775644964.4,0.03286999940872192
2023-04-06,0.09273,0.0928,0.08422,0.08546,797295662.6,0.032880001068115235
2023-04-07,0.08545,0.08628,0.08127,0.08232,497662633.7,0.032880001068115235
2023-04-08,0.0823,0.08393,0.08021,0.08141,214705348.5,0.032880001068115235
2023-04-09,0.08141,0.08391,0.08111,0.08323,169221917.3,0.032880001068115235
2023-04-10,0.08324,0.08548,0.08226,0.08483,237267242.5,0.034149999618530276
2023-04-11,0.0848,0.08589,0.08369,0.08418,238677099.0,0.03434000015258789
2023-04-12,0.0842,0.08478,0.08066,0.08352,382002140.5,0.034210000038146976
2023-04-13,0.08353,0.08893,0.0829,0.08739,447469252.0,0.034519999027252196
2023-04-14,0.08739,0.09149,0.08534,0.08874,676112582.6,0.03522000074386597
2023-04-15,0.08872,0.09063,0.08722,0.08897,201925333.5,0.03522000074386597
2023-04-16,0.08894,0.09188,0.08775,0.09048,258755098.4,0.03522000074386597
2023-04-17,0.09046,0.09491,0.08815,0.09143,646245902.4,0.035910000801086424
2023-04-18,0.09143,0.095,0.08981,0.09413,458167551.8,0.03572000026702881
2023-04-19,0.09413,0.09413,0.08517,0.08792,829079503.8,0.03601999998092651
2023-04-20,0.08793,0.09348,0.08248,0.08391,1000443272.6,0.03545000076293945
2023-04-21,0.08391,0.0847,0.07652,0.07848,487688669.6,0.03569999933242798
2023-04-22,0.07846,0.08105,0.07817,0.08031,131844811.5,0.03569999933242798
2023-04-23,0.08031,0.08085,0.0766,0.07883,139738817.9,0.03569999933242798
2023-04-24,0.07881,0.08011,0.07716,0.07878,155385324.0,0.03515000104904175
2023-04-25,0.07875,0.07997,0.07755,0.07977,157933017.4,0.033959999084472656
2023-04-26,0.07978,0.08361,0.075,0.07864,362723735.1,0.03431999921798706
2023-04-27,0.07863,0.08103,0.07839,0.08016,243032232.9,0.03528000116348266
2023-04-28,0.08016,0.08074,0.07903,0.08038,107107518.5,0.034519999027252196
2023-04-29,0.08038,0.08198,0.08024,0.08159,85596976.0,0.034519999027252196
2023-04-30,0.08162,0.08178,0.0793,0.07951,90937692.2,0.034519999027252196
2023-05-01,0.07951,0.08008,0.07736,0.07884,171020627.8,0.03573999881744385
2023-05-02,0.07883,0.07914,0.07754,0.07881,102144808.3,0.034389998912811276
2023-05-03,0.07881,0.08069,0.0771,0.07963,148531525.7,0.03403000116348267
2023-05-04,0.07963,0.07976,0.07797,0.07842,115210212.4,0.033510000705718995
2023-05-05,0.07842,0.08154,0.07707,0.08031,215389800.6,0.03446000099182129
2023-05-06,0.0803,0.08057,0.07595,0.0769,197578893.8,0.03446000099182129
2023-05-07,0.07691,0.07759,0.07628,0.07665,105131337.0,0.03446000099182129
2023-05-08,0.07661,0.0772,0.07,0.07248,321112444.8,0.03520999908447266
2023-05-09,0.07249,0.07341,0.07218,0.07317,138104339.0,0.03520999908447266
2023-05-10,0.07318,0.07479,0.07042,0.07317,290629147.7,0.034389998912811276
2023-05-11,0.07317,0.07323,0.06915,0.07197,332563876.2,0.03397000074386597
2023-05-12,0.07198,0.07276,0.06939,0.07238,246137435.3,0.034630000591278076
2023-05-13,0.07238,0.07244,0.07134,0.0717,62400371.6,0.034630000591278076
2023-05-14,0.0717,0.07269,0.07115,0.07197,84273137.2,0.034630000591278076
2023-05-15,0.07197,0.0737,0.07091,0.07193,181860517.4,0.03507999897003174
2023-05-16,0.07195,0.07324,0.0709,0.07276,179849219.4,0.035490000247955324
2023-05-17,0.07275,0.07546,0.0723,0.07484,273335463.9,0.03581000089645386
2023-05-18,0.07484,0.07491,0.07163,0.07341,222581449.5,0.036480000019073484
2023-05-19,0.07343,0.07407,0.07299,0.07353,109229963.5,0.03691999912261963
2023-05-20,0.07351,0.0739,0.07308,0.07364,49203234.8,0.03691999912261963
2023-05-21,0.07363,0.07401,0.07196,0.07214,57901361.2,0.03691999912261963
2023-05-22,0.07214,0.07402,0.07075,0.0729,149600356.5,0.03719000101089478
2023-05-23,0.07292,0.07394,0.07244,0.07291,97354887.7,0.036979999542236325
2023-05-24,0.07287,0.07289,0.06929,0.07062,139915843.6,0.03719000101089478
2023-05-25,0.07064,0.07113,0.0686,0.07088,124136207.7,0.03813999891281128
2023-05-26,0.07089,0.07138,0.07036,0.07099,113240968.9,0.03809999942779541
2023-05-27,0.07099,0.07346,0.07078,0.07258,71817800.8,0.03809999942779541
2023-05-28,0.07257,0.07398,0.07187,0.07353,94333812.9,0.03809999942779541
2023-05-29,0.07354,0.07404,0.07263,0.07316,68748103.6,0.03809999942779541
2023-05-30,0.07316,0.07347,0.0719,0.07232,175927631.0,0.03700000047683716
2023-05-31,0.07231,0.0727,0.07054,0.07166,160479558.6,0.0363700008392334
2023-06-01,0.07168,0.07219,0.07072,0.07145,113397838.7,0.03608000040054321
2023-06-02,0.07145,0.07332,0.07092,0.07258,97418695.5,0.03690999984741211
2023-06-03,0.07259,0.07301,0.0722,0.07271,49794978.0,0.03690999984741211
2023-06-04,0.07271,0.07333,0.07233,0.07249,55434055.8,0.03690999984741211
2023-06-05,0.07248,0.0727,0.06352,0.06649,285181947.5,0.03693000078201294
2023-06-06,0.06645,0.07199,0.06588,0.07025,267055518.1,0.036989998817443845
2023-06-07,0.07027,0.07034,0.0667,0.06731,157755643.7,0.03783999919891357
2023-06-08,0.0673,0.06851,0.06701,0.06795,91903157.2,0.0371399998664856
2023-06-09,0.06795,0.07117,0.06733,0.06947,177716277.3,0.03744999885559082
2023-06-10,0.06951,0.07138,0.056,0.06179,667327725.8,0.03744999885559082
2023-06-11,0.06183,0.06293,0.06094,0.06154,212584007.3,0.03744999885559082
2023-06-12,0.06155,0.06171,0.05985,0.06144,222675710.2,0.037650001049041745
2023-06-13,0.06142,0.06279,0.0605,0.06174,168254584.5,0.03838999986648559
2023-06-14,0.06172,0.06218,0.05821,0.0604,259159810.4,0.03796000003814697
2023-06-15,0.0604,0.06192,0.05961,0.06148,159528619.2,0.03727999925613403
2023-06-16,0.06149,0.06274,0.06067,0.06214,144955283.4,0.03769000053405762
2023-06-17,0.06214,0.06293,0.06167,0.06217,103996441.6,0.03769000053405762
2023-06-18,0.06217,0.06396,0.06105,0.0621,233473197.6,0.03769000053405762
2023-06-19,0.06209,0.06281,0.06147,0.06242,144194697.4,0.03769000053405762
2023-06-20,0.06243,0.06316,0.0607,0.06315,174506184.9,0.037290000915527345
2023-06-21,0.06314,0.06679,0.06284,0.0656,383331066.8,0.037230000495910645
2023-06-22,0.06561,0.06939,0.06504,0.06556,406556862.6,0.03799000024795532
2023-06-23,0.06556,0.07015,0.06524,0.06827,412532022.3,0.03739000082015991
2023-06-24,0.06828,0.06845,0.06518,0.06673,378442568.3,0.03739000082015991
2023-06-25,0.06674,0.06805,0.06639,0.06675,241236617.3,0.03739000082015991
2023-06-26,0.06676,0.06686,0.06326,0.06479,394195693.9,0.03719000101089478
2023-06-27,0.06477,0.0658,0.06435,0.06559,303718536.1,0.037679998874664306
2023-06-28,0.06559,0.06596,0.06006,0.06255,318431057.4,0.037100000381469725
2023-06-29,0.06256,0.06408,0.0624,0.0634,212355216.9,0.038540000915527346
2023-06-30,0.06341,0.06694,0.06094,0.06643,761429826.6,0.03819000005722046
2023-07-01,0.06643,0.07138,0.06637,0.06851,439084099.6,0.03819000005722046
2023-07-02,0.06851,0.06923,0.06594,0.068,287157547.7,0.03819000005722046
2023-07-03,0.068,0.06881,0.06726,0.06846,241300008.3,0.03858000040054321
2023-07-04,0.06844,0.07189,0.06765,0.06895,531773896.0,0.03858000040054321
2023-07-05,0.06894,0.06932,0.06559,0.067,295189690.2,0.03944999933242798
2023-07-06,0.06698,0.06856,0.06467,0.06487,280862109.2,0.040409998893737795
2023-07-07,0.06485,0.06588,0.06408,0.06543,208425450.6,0.040500001907348634
2023-07-08,0.06541,0.06609,0.06474,0.06575,131315220.6,0.040500001907348634
2023-07-09,0.06573,0.06639,0.06515,0.06538,99463073.8,0.040500001907348634
2023-07-10,0.06539,0.06621,0.06333,0.06523,264848324.1,0.0400600004196167
2023-07-11,0.06524,0.06549,0.06441,0.06529,123424852.4,0.03980000019073486
2023-07-12,0.0653,0.06573,0.06365,0.06505,148887825.9,0.03861000061035156
2023-07-13,0.06505,0.07171,0.06456,0.07044,572283560.9,0.037609999179840085
2023-07-14,0.07044,0.07313,0.06621,0.06851,700267100.0,0.03819000005722046
2023-07-15,0.0685,0.07517,0.06772,0.07195,819504031.7,0.03819000005722046
2023-07-16,0.07196,0.07226,0.06893,0.06957,359561807.3,0.03819000005722046
2023-07-17,0.06956,0.07329,0.06779,0.06987,427633738.5,0.03796999931335449
2023-07-18,0.06984,0.07033,0.06704,0.06868,203501328.1,0.03789000034332275
2023-07-19,0.06867,0.07236,0.0683,0.07003,455434638.9,0.03742000102996826
2023-07-20,0.07003,0.07388,0.06929,0.0706,634650185.2,0.038540000915527346
2023-07-21,0.07059,0.07684,0.07029,0.07325,769555879.6,0.038369998931884766
2023-07-22,0.07322,0.07333,0.06967,0.07054,262445254.6,0.038369998931884766
2023-07-23,0.07053,0.07295,0.07001,0.07181,167922341.8,0.038369998931884766
2023-07-24,0.07181,0.07793,0.07017,0.07419,832911366.2,0.03857000112533569
2023-07-25,0.07419,0.08384,0.0736,0.08185,1044579616.5,0.03911999940872193
2023-07-26,0.08183,0.08226,0.07648,0.07798,585794693.8,0.03851000070571899
2023-07-27,0.07797,0.07998,0.07663,0.0776,289719578.3,0.0401200008392334
2023-07-28,0.07755,0.0779,0.07601,0.07715,189015078.1,0.039690001010894774
2023-07-29,0.07717,0.08242,0.07682,0.08026,280185209.5,0.039690001010894774
2023-07-30,0.08024,0.08057,0.07636,0.07808,226362856.4,0.039690001010894774
2023-07-31,0.07805,0.07979,0.07674,0.07785,204707709.9,0.03959000110626221
2023-08-01,0.07786,0.07827,0.0753,0.0781,202118884.0,0.040510001182556155
2023-08-02,0.0781,0.0783,0.07374,0.0742,214792418.2,0.04078000068664551
2023-08-03,0.07416,0.07498,0.07242,0.07354,208957615.8,0.04189000129699707
2023-08-04,0.07355,0.07488,0.0724,0.07339,183618637.2,0.04059999942779541
2023-08-05,0.07339,0.077,0.07281,0.07565,214667185.3,0.04059999942779541
2023-08-06,0.07565,0.07642,0.07398,0.07416,135814673.3,0.04059999942779541
2023-08-07,0.07415,0.07557,0.07157,0.07347,159146898.5,0.04078000068664551
2023-08-08,0.07346,0.07546,0.07312,0.07494,166025992.8,0.040260000228881834
2023-08-09,0.07494,0.0762,0.07411,0.07536,177911173.8,0.0401200008392334
2023-08-10,0.07535,0.07688,0.07506,0.07579,153940653.3,0.04079999923706055
2023-08-11,0.07579,0.07605,0.07475,0.07566,103834483.7,0.041680002212524415
2023-08-12,0.07569,0.07735,0.07554,0.07667,168338787.1,0.041680002212524415
2023-08-13,0.07666,0.07682,0.07419,0.07469,144831710.8,0.041680002212524415
2023-08-14,0.07469,0.07702,0.07358,0.07463,199071348.2,0.04184000015258789
2023-08-15,0.07463,0.07488,0.06818,0.07086,248269353.9,0.0422100019454956
2023-08-16,0.07084,0.07118,0.06605,0.06711,267114482.7,0.042579998970031736
2023-08-17,0.06711,0.06833,0.05821,0.06105,465717089.6,0.04308000087738037
2023-08-18,0.06104,0.06384,0.0599,0.06323,358228741.9,0.042509999275207516
2023-08-19,0.06323,0.06449,0.06309,0.0638,90402417.2,0.042509999275207516
2023-08-20,0.06381,0.0647,0.06337,0.06384,70049897.4,0.042509999275207516
2023-08-21,0.06385,0.06411,0.06038,0.06252,144698399.6,0.043420000076293944
2023-08-22,0.06252,0.06328,0.06028,0.06254,173706107.5,0.04328000068664551
2023-08-23,0.06254,0.06527,0.06243,0.06378,200759115.1,0.04197999954223633
2023-08-24,0.06377,0.06404,0.06186,0.06305,98854446.0,0.04235000133514404
2023-08-25,0.06306,0.06313,0.06167,0.06309,75078319.2,0.04238999843597412
2023-08-26,0.06308,0.06335,0.06258,0.06287,30236780.4,0.04238999843597412
2023-08-27,0.06286,0.06376,0.06265,0.06315,44169790.2,0.04238999843597412
2023-08-28,0.06314,0.06362,0.06184,0.06342,85015339.7,0.04211999893188476
2023-08-29,0.06341,0.0686,0.06239,0.0664,340476506.5,0.04122000217437744
2023-08-30,0.06637,0.06645,0.06436,0.06588,136671301.4,0.04118000030517578
2023-08-31,0.06587,0.067,0.0628,0.06377,223041313.1,0.04092999935150146
2023-09-01,0.06378,0.06421,0.06229,0.06385,134262353.4,0.04172999858856201
2023-09-02,0.06383,0.06495,0.06262,0.06349,115322476.3,0.04172999858856201
2023-09-03,0.06348,0.06377,0.06275,0.06317,53584862.1,0.04172999858856201
2023-09-04,0.06317,0.06385,0.06207,0.06325,78202735.1,0.04172999858856201
2023-09-05,0.06324,0.06435,0.06283,0.06399,107184366.8,0.042680001258850096
2023-09-06,0.06399,0.06457,0.06243,0.06361,104190328.7,0.04289999961853028
2023-09-07,0.06362,0.06381,0.06273,0.06363,81904644.2,0.042600002288818356
2023-09-08,0.06364,0.064,0.06237,0.06368,75391932.8,0.042579998970031736
2023-09-09,0.06368,0.0639,0.06318,0.06337,51359665.6,0.042579998970031736
2023-09-10,0.06337,0.0634,0.0594,0.06129,137626017.0,0.042579998970031736
2023-09-11,0.06129,0.06198,0.0592,0.06046,174328056.5,0.04288000106811524
2023-09-12,0.06046,0.06239,0.06041,0.06088,208837620.8,0.042639999389648436
2023-09-13,0.06088,0.06182,0.06049,0.06125,152425368.3,0.04249000072479248
2023-09-14,0.06125,0.0626,0.06109,0.06211,209364218.4,0.04288000106811524
2023-09-15,0.06211,0.06294,0.06138,0.06251,101634912.7,0.04322000026702881
2023-09-16,0.06251,0.06297,0.06179,0.06216,82354781.5,0.04322000026702881
2023-09-17,0.06216,0.06255,0.06098,0.06148,91396238.7,0.04322000026702881
2023-09-18,0.06148,0.06282,0.06098,0.062,139135408.9,0.04318999767303467
2023-09-19,0.062,0.06325,0.0619,0.06268,112054763.3,0.04364999771118164
2023-09-20,0.06269,0.06304,0.0615,0.06263,124461300.1,0.043489999771118164
2023-09-21,0.06263,0.06346,0.06102,0.06129,121136833.0,0.044800000190734865
2023-09-22,0.06129,0.06188,0.06059,0.06152,74418921.6,0.04438000202178955
2023-09-23,0.06152,0.06199,0.06128,0.06151,37406463.2,0.04438000202178955
2023-09-24,0.0615,0.06175,0.06031,0.0607,51773371.5,0.04438000202178955
2023-09-25,0.0607,0.0612,0.06013,0.06093,65612301.8,0.04541999816894531
2023-09-26,0.06092,0.06114,0.0593,0.06058,104685821.8,0.04558000087738037
2023-09-27,0.06058,0.06136,0.06012,0.06048,92036932.3,0.04625999927520752
2023-09-28,0.06047,0.06166,0.06033,0.0615,91575340.1,0.045970001220703126
2023-09-29,0.06149,0.06248,0.06131,0.06214,88237457.8,0.045729999542236326
2023-09-30,0.06215,0.06272,0.06173,0.06207,89686154.7,0.045729999542236326
2023-10-01,0.06208,0.06356,0.06172,0.06317,101836681.2,0.045729999542236326
2023-10-02,0.06318,0.06418,0.061,0.06202,188844630.6,0.04683000087738037
2023-10-03,0.06203,0.06229,0.06108,0.06139,51133324.5,0.048020000457763674
2023-10-04,0.06136,0.06159,0.06002,0.06146,71153391.1,0.04735000133514404
2023-10-05,0.06147,0.06165,0.06061,0.06085,54369708.6,0.04717000007629395
2023-10-06,0.06086,0.0616,0.06071,0.0614,59163662.8,0.047839999198913574
2023-10-07,0.06141,0.06169,0.06106,0.06146,32587229.6,0.047839999198913574
2023-10-08,0.06147,0.06165,0.06074,0.06098,41487041.1,0.047839999198913574
2023-10-09,0.06099,0.06104,0.0569,0.05877,150549068.5,0.047969999313354494
2023-10-10,0.05876,0.05926,0.05847,0.05913,61828686.7,0.04655000209808349
2023-10-11,0.05914,0.05949,0.05765,0.05852,80317281.6,0.045949997901916506
2023-10-12,0.05851,0.05854,0.05725,0.05788,57948494.3,0.04711999893188477
2023-10-13,0.05788,0.05887,0.05775,0.05839,77603700.5,0.04629000186920166
2023-10-14,0.05839,0.05998,0.05834,0.05984,49526438.9,0.04629000186920166
2023-10-15,0.05984,0.05985,0.05899,0.05931,63067647.0,0.04629000186920166
2023-10-16,0.05931,0.06174,0.05911,0.06002,187572117.9,0.04711999893188477
2023-10-17,0.06003,0.0602,0.05813,0.05906,74403015.7,0.04847000122070313
2023-10-18,0.05905,0.05937,0.05826,0.05861,54424179.2,0.049039998054504395
2023-10-19,0.05861,0.05894,0.05744,0.05887,62904319.9,0.0498799991607666
2023-10-20,0.05888,0.06052,0.05867,0.05993,95195229.1,0.04923999786376953
2023-10-21,0.05993,0.06147,0.05945,0.06121,91060979.7,0.04923999786376953
2023-10-22,0.06121,0.06174,0.05982,0.06171,78807712.5,0.04923999786376953
2023-10-23,0.06171,0.06793,0.06131,0.06744,519493138.4,0.04837999820709229
2023-10-24,0.06746,0.07007,0.06413,0.06657,652805827.9,0.04840000152587891
2023-10-25,0.06659,0.0698,0.06463,0.06835,644389523.8,0.04953000068664551
2023-10-26,0.06833,0.07516,0.06783,0.07186,812924482.3,0.0484499979019165
2023-10-27,0.07186,0.07242,0.06724,0.06778,367817217.0,0.0484499979019165
2023-10-28,0.06778,0.06982,0.06752,0.06904,166922983.0,0.0484499979019165
2023-10-29,0.06904,0.07019,0.06724,0.06937,174331143.6,0.0484499979019165
2023-10-30,0.06937,0.07041,0.06779,0.06962,186867177.4,0.04875
2023-10-31,0.06961,0.07087,0.06568,0.06828,307681406.0,0.04875
2023-11-01,0.06827,0.0698,0.0657,0.06896,490060250.6,0.047890000343322754
2023-11-02,0.06895,0.0709,0.06663,0.06791,386191159.2,0.04669000148773193
2023-11-03,0.0679,0.06829,0.06629,0.06811,240044429.4,0.04558000087738037
2023-11-04,0.06809,0.06931,0.06794,0.06911,175549128.9,0.04558000087738037
2023-11-05,0.06911,0.07178,0.06888,0.07111,327977452.0,0.04558000087738037
2023-11-06,0.07112,0.0767,0.07031,0.07641,652753742.6,0.04662000179290771
2023-11-07,0.07637,0.07652,0.07153,0.0734,640252062.2,0.04571000099182129
2023-11-08,0.07345,0.07712,0.07281,0.07536,364100519.5,0.04522999763488769
2023-11-09,0.07538,0.07795,0.06928,0.07356,565471809.2,0.04630000114440918
2023-11-10,0.07357,0.07566,0.07244,0.07544,358081305.3,0.04627999782562256
2023-11-11,0.07543,0.082,0.07453,0.07852,942801005.6,0.04627999782562256
2023-11-12,0.07852,0.08038,0.07512,0.07799,400143429.9,0.04627999782562256
2023-11-13,0.07795,0.07964,0.07348,0.07456,597773063.7,0.04631999969482422
2023-11-14,0.07457,0.07555,0.069,0.07245,469112972.4,0.04440999984741211
2023-11-15,0.07242,0.07657,0.07228,0.07626,305486259.2,0.04534999847412109
2023-11-16,0.07628,0.08342,0.07597,0.0796,945068892.3,0.04445000171661377
2023-11-17,0.07949,0.08791,0.0791,0.08678,1506863109.3,0.04440999984741211
2023-11-18,0.08678,0.08695,0.07924,0.08032,820705544.8,0.04440999984741211
2023-11-19,0.08032,0.08072,0.07745,0.08052,395252266.6,0.04440999984741211
2023-11-20,0.08052,0.08225,0.077,0.07773,479097743.8,0.04421999931335449
2023-11-21,0.07773,0.07879,0.07076,0.07178,649460812.0,0.04418000221252441
2023-11-22,0.07178,0.07663,0.07156,0.07577,375044183.2,0.04415999889373779
2023-11-23,0.07577,0.0764,0.07495,0.07623,145558819.0,0.04415999889373779
2023-11-24,0.07624,0.07874,0.07606,0.07823,251829047.3,0.044720001220703125
2023-11-25,0.07825,0.07922,0.07757,0.07898,149329016.9,0.044720001220703125
2023-11-26,0.07902,0.07903,0.0756,0.07872,195510703.9,0.044720001220703125
2023-11-27,0.07869,0.08151,0.0768,0.07883,423418784.8,0.04388999938964844
2023-11-28,0.07884,0.08123,0.07673,0.08086,361267749.7,0.043359999656677244
2023-11-29,0.08086,0.08317,0.07964,0.08051,342740023.7,0.042709999084472657
2023-11-30,0.08046,0.08441,0.0804,0.08343,419251618.2,0.043520002365112304
2023-12-01,0.08344,0.0851,0.08226,0.08388,395597485.4,0.0422599983215332
2023-12-02,0.08386,0.08666,0.08327,0.08623,252163286.1,0.0422599983215332
2023-12-03,0.08622,0.08744,0.08364,0.08576,326644743.0,0.0422599983215332
2023-12-04,0.08575,0.09256,0.08533,0.09189,868010896.9,0.04288000106811524
2023-12-05,0.09189,0.09579,0.08748,0.09436,842962677.1,0.041710000038146976
2023-12-06,0.09441,0.10645,0.09342,0.09489,1635600314.5,0.04120999813079834
2023-12-07,0.09489,0.09831,0.09293,0.09594,674204251.5,0.04129000186920166
2023-12-08,0.09597,0.10428,0.09559,0.1017,571951188.5,0.04244999885559082
2023-12-09,0.10171,0.10493,0.09751,0.09851,483178568.6,0.04244999885559082
2023-12-10,0.09853,0.10277,0.09666,0.10187,307985813.0,0.04244999885559082
2023-12-11,0.10184,0.10731,0.09093,0.09414,895644017.9,0.04238999843597412
2023-12-12,0.09411,0.09804,0.0911,0.09377,416633387.8,0.04205999851226807
2023-12-13,0.09377,0.0976,0.08978,0.09643,423253101.6,0.040329999923706054
2023-12-14,0.09643,0.09876,0.09336,0.09836,428276287.6,0.03930000066757202
2023-12-15,0.0983,0.09883,0.09239,0.093,297501582.7,0.039279999732971194
2023-12-16,0.093,0.09721,0.09155,0.09709,230854022.7,0.039279999732971194
2023-12-17,0.09708,0.09777,0.09232,0.09287,253366679.0,0.039279999732971194
2023-12-18,0.0929,0.0937,0.0864,0.09214,359038633.0,0.03953999996185303
2023-12-19,0.09213,0.09352,0.08917,0.09019,272054360.9,0.039219999313354494
2023-12-20,0.09021,0.09335,0.08941,0.0915,304718943.0,0.03877000093460083
2023-12-21,0.0915,0.09791,0.09061,0.095,439636345.4,0.03894000053405762
2023-12-22,0.095,0.09564,0.09188,0.09504,306451542.9,0.03901000022888183
2023-12-23,0.09505,0.09505,0.0921,0.09348,136967558.5,0.03901000022888183
2023-12-24,0.09347,0.09492,0.0905,0.09179,223385847.0,0.03901000022888183
2023-12-25,0.09176,0.0954,0.09127,0.09439,157293819.8,0.03901000022888183
2023-12-26,0.09436,0.09449,0.08696,0.09138,272855663.7,0.038859999179840087
2023-12-27,0.09138,0.0939,0.08958,0.09372,185144919.2,0.03789000034332275
2023-12-28,0.09373,0.09499,0.09107,0.09176,223708362.0,0.038499999046325686
2023-12-29,0.09176,0.09303,0.08861,0.09101,212308148.9,0.03865999937057495
2023-12-30,0.09101,0.09142,0.08924,0.08999,96589097.2,0.03865999937057495
2023-12-31,0.08999,0.09086,0.08803,0.08952,81641042.7,0.03865999937057495
2024-01-01,0.0895,0.09211,0.0885,0.09202,117901595.7,0.03865999937057495
2024-01-02,0.09202,0.09443,0.09041,0.0911,273234096.0,0.03946000099182129
2024-01-03,0.09111,0.09214,0.07683,0.08203,552020577.3,0.03907000064849853
2024-01-04,0.08206,0.08479,0.08108,0.08408,280551091.5,0.039909999370574954
2024-01-05,0.08411,0.08492,0.08018,0.08272,436082841.6,0.040419998168945315
2024-01-06,0.08272,0.08274,0.07844,0.08063,158831480.5,0.040419998168945315
2024-01-07,0.08064,0.0815,0.07705,0.07829,162177373.5,0.040419998168945315
2024-01-08,0.07828,0.08184,0.07429,0.08137,373432949.7,0.04001999855041504
2024-01-09,0.08137,0.08397,0.07657,0.07922,814007565.5,0.040190000534057614
2024-01-10,0.07922,0.0851,0.07623,0.08308,495538078.3,0.040300002098083494
2024-01-11,0.08309,0.088,0.08205,0.08458,456212425.3,0.039769999980926514
2024-01-12,0.08456,0.08544,0.07766,0.08007,328227184.6,0.03950000047683716
2024-01-13,0.08007,0.08134,0.07858,0.08093,140571302.0,0.03950000047683716
2024-01-14,0.0809,0.08388,0.07963,0.07997,222850321.9,0.03950000047683716
2024-01-15,0.07996,0.0817,0.07981,0.08102,99466209.3,0.03950000047683716
2024-01-16,0.08104,0.08249,0.07979,0.0813,152161919.9,0.04065999984741211
2024-01-17,0.08132,0.08158,0.0793,0.08053,106038202.8,0.04105999946594238
2024-01-18,0.0805,0.08071,0.07679,0.07802,160865422.0,0.041440000534057615
2024-01-19,0.07801,0.07876,0.07474,0.07849,239594228.1,0.041459999084472655
2024-01-20,0.07848,0.0974,0.07815,0.09116,484237015.3,0.041459999084472655
2024-01-21,0.09118,0.09638,0.08452,0.08539,649991298.6,0.041459999084472655
2024-01-22,0.08538,0.0855,0.08002,0.08048,577174888.4,0.04093999862670898
2024-01-23,0.08048,0.08178,0.07594,0.07816,436023796.8,0.041420001983642575
2024-01-24,0.07815,0.08063,0.07758,0.07901,291090791.2,0.04177999973297119
2024-01-25,0.07899,0.07923,0.07706,0.07784,165601733.6,0.04131999969482422
2024-01-26,0.0779,0.08033,0.07748,0.07982,177806496.3,0.041599998474121096
2024-01-27,0.07984,0.08075,0.079,0.08013,103430375.5,0.041599998474121096
2024-01-28,0.08012,0.08146,0.07817,0.07882,117657873.8,0.041599998474121096
2024-01-29,0.07884,0.08303,0.07817,0.08135,339502419.0,0.04091000080108643
2024-01-30,0.08138,0.08217,0.07936,0.07972,164378318.1,0.04059000015258789
2024-01-31,0.07971,0.08025,0.07793,0.07873,154027050.2,0.03967000007629395
2024-02-01,0.07867,0.07983,0.07726,0.07933,99870413.3,0.0386299991607666
2024-02-02,0.07938,0.07992,0.07854,0.07923,97195065.5,0.040329999923706054
2024-02-03,0.07926,0.07949,0.07852,0.07871,40186702.8,0.040329999923706054
2024-02-04,0.07872,0.07993,0.07779,0.07828,54322203.5,0.040329999923706054
2024-02-05,0.07828,0.08023,0.07729,0.07824,148130898.3,0.041640000343322756
2024-02-06,0.07824,0.07919,0.07763,0.07847,68301448.3,0.04090000152587891
2024-02-07,0.07846,0.08029,0.07808,0.0801,96634717.9,0.04110000133514404
2024-02-08,0.08012,0.08085,0.07957,0.07988,99892894.1,0.041700000762939456
2024-02-09,0.07989,0.08222,0.07989,0.0816,207088439.9,0.04186999797821045
2024-02-10,0.0816,0.0822,0.08036,0.08145,76827495.3,0.04186999797821045
2024-02-11,0.08146,0.08363,0.08076,0.08125,145785316.8,0.04186999797821045
2024-02-12,0.08125,0.08288,0.07945,0.08226,212269582.6,0.04171999931335449
2024-02-13,0.08226,0.08304,0.07965,0.0811,220074608.0,0.04315999984741211
2024-02-14,0.0811,0.08707,0.08051,0.08557,369361793.1,0.042670001983642576
2024-02-15,0.08556,0.0883,0.08395,0.08538,371721561.3,0.04239999771118164
2024-02-16,0.0854,0.08802,0.084,0.08597,256668797.7,0.04295000076293945
2024-02-17,0.08598,0.08614,0.08192,0.08359,208983537.0,0.04295000076293945
2024-02-18,0.08359,0.08575,0.08286,0.0852,161711910.3,0.04295000076293945
2024-02-19,0.08518,0.0908,0.08503,0.08944,378567776.8,0.04295000076293945
2024-02-20,0.08943,0.09156,0.08286,0.08617,468237875.5,0.042750000953674316
2024-02-21,0.08617,0.0863,0.08197,0.08459,231595925.3,0.04324999809265137
2024-02-22,0.08458,0.08548,0.083,0.08403,177070674.8,0.04327000141143799
2024-02-23,0.08405,0.08553,0.08285,0.08452,246541568.1,0.042600002288818356
2024-02-24,0.0845,0.08646,0.08382,0.08615,150387649.6,0.042600002288818356
2024-02-25,0.08614,0.08679,0.0852,0.08617,149540438.5,0.042600002288818356
2024-02-26,0.08611,0.0902,0.08417,0.08934,327531864.4,0.04298999786376953
2024-02-27,0.08933,0.10073,0.08852,0.09762,1088269831.9,0.04315000057220459
2024-02-28,0.09764,0.12358,0.09422,0.11618,2031681131.1,0.042740001678466796
2024-02-29,0.11621,0.13508,0.11118,0.11739,2481082911.0,0.042519998550415036
2024-03-01,0.1174,0.14641,0.11712,0.13947,1768534462.7,0.04179999828338623
2024-03-02,0.13945,0.15126,0.13589,0.14207,1405328350.4,0.04179999828338623
2024-03-03,0.14208,0.1569,0.12312,0.15358,1492486989.2,0.04179999828338623
2024-03-04,0.15358,0.18687,0.14509,0.18242,2164744096.8,0.04218999862670898
2024-03-05,0.18247,0.20913,0.12563,0.15377,3167805663.3,0.041370000839233395
2024-03-06,0.15371,0.17978,0.14631,0.15793,1587249865.6,0.04104000091552734
2024-03-07,0.15794,0.16245,0.1465,0.15784,1088846448.6,0.04092000007629395
2024-03-08,0.15787,0.17628,0.15525,0.16491,1194226720.8,0.04089000225067139
2024-03-09,0.16493,0.18575,0.1632,0.17917,922039548.0,0.04089000225067139
2024-03-10,0.1792,0.18001,0.16546,0.17035,546992053.0,0.04089000225067139
2024-03-11,0.17038,0.18315,0.16,0.18205,870444602.9,0.04104000091552734
2024-03-12,0.18209,0.18361,0.15524,0.16818,642508449.6,0.041550002098083495
2024-03-13,0.16819,0.1745,0.16496,0.16907,539988138.0,0.04191999912261963
2024-03-14,0.16903,0.19308,0.165,0.17726,1556806043.7,0.04297999858856201
2024-03-15,0.17726,0.18138,0.15117,0.16353,1290198205.5,0.04303999900817871
2024-03-16,0.16357,0.16527,0.138,0.14234,813530732.3,0.04303999900817871
2024-03-17,0.14235,0.15908,0.1366,0.15417,723074430.5,0.04303999900817871
2024-03-18,0.15416,0.15423,0.14,0.14353,590869434.1,0.043400001525878903
2024-03-19,0.14348,0.14522,0.12517,0.12869,1226073396.3,0.04296999931335449
2024-03-20,0.1287,0.15332,0.12275,0.15213,1293686663.9,0.0427299976348877
2024-03-21,0.15216,0.1599,0.1466,0.15538,943466087.7,0.042709999084472657
2024-03-22,0.15535,0.16506,0.14523,0.15296,955019267.3,0.04217999935150146
2024-03-23,0.15298,0.17518,0.15168,0.16189,957032255.2,0.04217999935150146
2024-03-24,0.16198,0.18,0.16111,0.1765,949543168.4,0.04217999935150146
2024-03-25,0.17648,0.18689,0.17001,0.17526,922782092.8,0.042529997825622556
2024-03-26,0.17527,0.18715,0.174,0.18229,848283496.9,0.04234000205993652
2024-03-27,0.18228,0.19151,0.17879,0.19036,1427975622.0,0.04196000099182129
2024-03-28,0.19042,0.22899,0.18908,0.21999,1981168221.6,0.04205999851226807
2024-03-29,0.22008,0.22484,0.20781,0.2131,940536750.5,0.04205999851226807
2024-03-30,0.21311,0.21699,0.19647,0.19919,684212783.2,0.04205999851226807
2024-03-31,0.19918,0.22429,0.19913,0.22004,712093836.2,0.04205999851226807
2024-04-01,0.22003,0.22003,0.197,0.20513,1031913942.0,0.04328999996185303
2024-04-02,0.20513,0.20524,0.18001,0.18252,1310956784.3,0.04364999771118164
2024-04-03,0.18253,0.18759,0.1701,0.17526,980071356.7,0.043550000190734864
2024-04-04,0.17524,0.1885,0.17195,0.18007,714644380.2,0.04309000015258789
2024-04-05,0.18006,0.18082,0.16755,0.17729,740333851.4,0.04377999782562256
2024-04-06,0.17728,0.18787,0.17649,0.18581,520927954.3,0.04377999782562256
2024-04-07,0.18577,0.20529,0.18547,0.19884,824807028.0,0.04377999782562256
2024-04-08,0.19884,0.209,0.19548,0.20261,580172685.4,0.04423999786376953
2024-04-09,0.20258,0.20347,0.18573,0.18908,685165021.7,0.043660001754760744
2024-04-10,0.18905,0.20216,0.17991,0.19973,669511404.3,0.04559999942779541
2024-04-11,0.19972,0.2036,0.18976,0.19379,490669733.8,0.045760002136230465
2024-04-12,0.19382,0.20138,0.16,0.17448,1035083642.2,0.04499000072479248
2024-04-13,0.17448,0.17603,0.13,0.15273,1729039085.1,0.04499000072479248
2024-04-14,0.15269,0.16507,0.14369,0.16233,1229541116.5,0.04499000072479248
2024-04-15,0.16232,0.16916,0.1504,0.16122,1078448002.5,0.04627999782562256
2024-04-16,0.16131,0.16254,0.14633,0.15609,631377165.8,0.04658999919891357
2024-04-17,0.15606,0.15876,0.14424,0.14758,552778963.2,0.045850000381469726
2024-04-18,0.14757,0.1584,0.14096,0.15234,604865848.5,0.04646999835968017
2024-04-19,0.15235,0.15728,0.13889,0.15641,722531044.2,0.04614999771118164
2024-04-20,0.15636,0.16513,0.15068,0.16264,535608107.5,0.04614999771118164
2024-04-21,0.16261,0.16597,0.15507,0.15825,369123709.6,0.04614999771118164
2024-04-22,0.15823,0.16351,0.15641,0.16128,345037672.4,0.04623000144958496
2024-04-23,0.16126,0.16305,0.15691,0.15977,301300207.9,0.045980000495910646
2024-04-24,0.15979,0.16449,0.14928,0.1513,528705853.3,0.04651999950408935
2024-04-25,0.15131,0.15447,0.14746,0.15126,285213322.5,0.04705999851226807
2024-04-26,0.15124,0.15178,0.14677,0.14797,263845804.2,0.04669000148773193
2024-04-27,0.14797,0.14963,0.14251,0.14766,233707402.2,0.04669000148773193
2024-04-28,0.14764,0.15101,0.14593,0.14669,114647852.7,0.04669000148773193
2024-04-29,0.14665,0.14805,0.13963,0.14335,317574342.7,0.04613999843597412
2024-04-30,0.14337,0.14597,0.12902,0.1333,500924507.1,0.04685999870300293
2024-05-01,0.13327,0.13381,0.11984,0.13007,885934379.6,0.045949997901916506
2024-05-02,0.13008,0.13448,0.12394,0.13192,487941124.7,0.04571000099182129
2024-05-03,0.13194,0.1482,0.13115,0.14612,440392185.0,0.045
2024-05-04,0.14611,0.1703,0.14577,0.16011,837070536.6,0.045
2024-05-05,0.16011,0.16354,0.15451,0.16103,401359601.4,0.045
2024-05-06,0.16103,0.16905,0.15405,0.15649,519277389.9,0.04488999843597412
2024-05-07,0.15648,0.1599,0.14926,0.15,385361929.1,0.044629998207092285
2024-05-08,0.14997,0.15196,0.14201,0.14314,324637129.0,0.044920001029968265
2024-05-09,0.14317,0.15431,0.14304,0.1522,323751543.1,0.044489998817443845
2024-05-10,0.15217,0.1539,0.14221,0.14395,330564009.7,0.04504000186920166
2024-05-11,0.14388,0.14625,0.14244,0.14305,97165142.8,0.04504000186920166
2024-05-12,0.14303,0.14441,0.13952,0.14117,156293939.6,0.04504000186920166
2024-05-13,0.14116,0.15738,0.1358,0.14861,729385673.4,0.044809999465942385
2024-05-14,0.14859,0.1551,0.14418,0.14545,631360130.0,0.04445000171661377
2024-05-15,0.14544,0.15699,0.14519,0.15535,538883150.4,0.043559999465942384
2024-05-16,0.15535,0.15937,0.14868,0.14975,356576711.7,0.04376999855041504
2024-05-17,0.14975,0.15678,0.14912,0.1556,316587060.1,0.04420000076293945
2024-05-18,0.15564,0.15697,0.15129,0.15309,147756205.3,0.04420000076293945
2024-05-19,0.15312,0.15605,0.14729,0.14912,171345656.4,0.04420000076293945
2024-05-20,0.14913,0.16637,0.14771,0.16575,449273594.6,0.04436999797821045
2024-05-21,0.16575,0.17494,0.16063,0.17021,764511123.9,0.04414000034332275
2024-05-22,0.17019,0.1748,0.16169,0.16623,529260664.2,0.04434000015258789
2024-05-23,0.16623,0.1694,0.15168,0.15965,563777749.9,0.044749999046325685
2024-05-24,0.15964,0.1733,0.15511,0.16381,718980262.2,0.044670000076293945
2024-05-25,0.16382,0.17421,0.16262,0.17393,338107084.6,0.044670000076293945
2024-05-26,0.17394,0.17485,0.16538,0.1661,339061551.8,0.044670000076293945
2024-05-27,0.16614,0.17353,0.16406,0.16892,399003629.1,0.044670000076293945
2024-05-28,0.16893,0.16966,0.16135,0.16478,337500320.8,0.04541999816894531
2024-05-29,0.16479,0.17071,0.16205,0.16365,399687514.4,0.04624000072479248
2024-05-30,0.16369,0.1655,0.15633,0.15942,407062354.0,0.04553999900817871
2024-05-31,0.15944,0.16249,0.15419,0.15886,241691629.3,0.04513999938964844
2024-06-01,0.15885,0.16163,0.15826,0.16017,108534542.7,0.04513999938964844
2024-06-02,0.16016,0.16124,0.15458,0.15711,113187260.3,0.04513999938964844
2024-06-03,0.15705,0.1635,0.1557,0.15832,280498670.3,0.04401999950408936
2024-06-04,0.15832,0.16188,0.157,0.16137,146321261.9,0.043359999656677244
2024-06-05,0.16136,0.16484,0.1612,0.16326,168088084.9,0.04289000034332276
2024-06-06,0.16325,0.16567,0.15824,0.16005,186755024.9,0.042810001373291016
2024-06-07,0.16005,0.16211,0.1399,0.14816,401546323.6,0.04429999828338623
2024-06-08,0.14816,0.14872,0.14347,0.14588,213376597.4,0.04429999828338623
2024-06-09,0.1459,0.14917,0.14494,0.14678,128980272.1,0.04429999828338623
2024-06-10,0.14677,0.14794,0.1432,0.1447,205042466.2,0.044689998626708985
2024-06-11,0.1447,0.14511,0.13356,0.13805,393021241.3,0.0440399980545044
2024-06-12,0.13803,0.15067,0.13458,0.14615,524688495.4,0.04295000076293945
2024-06-13,0.14616,0.14644,0.14003,0.14103,300436054.4,0.0423799991607666
2024-06-14,0.141,0.14332,0.13184,0.13493,340224630.7,0.04212999820709228
2024-06-15,0.13495,0.13743,0.13405,0.13669,136169881.7,0.04212999820709228
2024-06-16,0.13668,0.13756,0.13459,0.13704,114167272.6,0.04212999820709228
2024-06-17,0.13703,0.13812,0.12593,0.12875,329499506.3,0.0427899980545044
2024-06-18,0.12874,0.12927,0.11381,0.12218,537893344.6,0.04217000007629394
2024-06-19,0.12219,0.12676,0.12129,0.12245,344674572.2,0.04217000007629394
2024-06-20,0.12244,0.12876,0.12126,0.12448,258712194.5,0.04254000186920166
2024-06-21,0.12445,0.12565,0.12128,0.1241,198317654.6,0.042569999694824216
2024-06-22,0.12409,0.1255,0.12283,0.1237,125058964.4,0.042569999694824216
2024-06-23,0.12371,0.12633,0.12105,0.12212,140852442.0,0.042569999694824216
2024-06-24,0.12209,0.12382,0.1133,0.11893,336317777.9,0.04248000144958496
2024-06-25,0.11895,0.12857,0.11875,0.12613,407012926.0,0.0423799991607666
2024-06-26,0.12614,0.12861,0.12159,0.12267,261245002.2,0.04315999984741211
2024-06-27,0.12268,0.12831,0.12053,0.12691,299606357.2,0.04288000106811524
2024-06-28,0.12689,0.12834,0.12197,0.12283,242943192.9,0.043429999351501464
2024-06-29,0.12283,0.12419,0.12116,0.1217,73535016.9,0.043429999351501464
2024-06-30,0.12168,0.12548,0.12031,0.12426,92169213.2,0.043429999351501464
2024-07-01,0.1243,0.12733,0.12305,0.12341,159008628.1,0.044790000915527345
2024-07-02,0.12341,0.12527,0.12229,0.12511,109356568.0,0.04435999870300293
2024-07-03,0.12511,0.12536,0.11669,0.11835,224980115.9,0.043550000190734864
2024-07-04,0.11836,0.11899,0.104,0.10496,515224656.6,0.043550000190734864
2024-07-05,0.10495,0.10691,0.09155,0.10558,857784356.9,0.04271999835968018
2024-07-06,0.10559,0.11417,0.10473,0.11344,324014866.3,0.04271999835968018
2024-07-07,0.11346,0.11353,0.10359,0.10414,199253571.2,0.04271999835968018
2024-07-08,0.10413,0.11147,0.09876,0.10759,359411012.2,0.042690000534057616
2024-07-09,0.10755,0.10954,0.10576,0.10755,239210372.1,0.04300000190734863
2024-07-10,0.10756,0.11052,0.10574,0.10802,226710686.5,0.042800002098083496
2024-07-11,0.10795,0.11254,0.10614,0.10662,150161115.7,0.04192999839782715
2024-07-12,0.10662,0.10842,0.10476,0.10769,140156388.0,0.04189000129699707
2024-07-13,0.10769,0.11302,0.10729,0.11234,187636553.2,0.04189000129699707
2024-07-14,0.11235,0.11694,0.11116,0.1154,162626643.5,0.04189000129699707
2024-07-15,0.11537,0.12567,0.11459,0.12499,277305288.4,0.04229000091552734
2024-07-16,0.12496,0.12791,0.11897,0.12483,295753323.6,0.041669998168945316
2024-07-17,0.12486,0.12774,0.12009,0.1218,233864249.6,0.041459999084472655
2024-07-18,0.1218,0.12396,0.11715,0.11954,189772609.3,0.04189000129699707
2024-07-19,0.11954,0.1261,0.11741,0.12547,237966291.8,0.04238999843597412
2024-07-20,0.12547,0.13585,0.12434,0.13427,379074641.8,0.04238999843597412
2024-07-21,0.13428,0.14371,0.12566,0.14022,393487638.5,0.04238999843597412
2024-07-22,0.14026,0.14264,0.13584,0.13784,451454178.0,0.042600002288818356
2024-07-23,0.13775,0.13929,0.12811,0.13033,319631009.7,0.04238999843597412
2024-07-24,0.13012,0.13482,0.12682,0.12792,158150522.9,0.04285999774932861
2024-07-25,0.12791,0.12871,0.12005,0.12522,280297579.2,0.042560000419616696
2024-07-26,0.12517,0.13496,0.12501,0.13419,280101523.3,0.04199999809265137
2024-07-27,0.13422,0.13877,0.13009,0.13146,332968512.6,0.04199999809265137
2024-07-28,0.1314,0.13187,0.1281,0.13005,135621414.8,0.04199999809265137
2024-07-29,0.13003,0.13507,0.12761,0.12837,270046858.0,0.04177999973297119
2024-07-30,0.12844,0.13068,0.12317,0.12547,180905523.4,0.041430001258850095
2024-07-31,0.12547,0.12732,0.12115,0.12189,174909726.2,0.04109000205993652
2024-08-01,0.1219,0.12307,0.11201,0.11887,228937839.6,0.039760000705718994
2024-08-02,0.11888,0.11964,0.11012,0.11141,238932757.2,0.037920000553131106
2024-08-03,0.11138,0.11462,0.10513,0.10806,266823346.2,0.037920000553131106
2024-08-04,0.10803,0.10938,0.09887,0.10372,270417872.7,0.037920000553131106
2024-08-05,0.10371,0.10425,0.08049,0.09438,1149414402.7,0.037850000858306886
2024-08-06,0.09439,0.10154,0.09407,0.09652,354839358.6,0.03888000011444092
2024-08-07,0.09649,0.1021,0.09431,0.0956,372279125.4,0.03967999935150147
2024-08-08,0.09554,0.10803,0.09354,0.10751,355189576.9,0.03996999979019165
2024-08-09,0.10752,0.10786,0.10162,0.10391,248307889.7,0.03941999912261963
2024-08-10,0.10388,0.10595,0.10283,0.10523,113274091.0,0.03941999912261963
2024-08-11,0.10523,0.111,0.1001,0.1006,304738676.3,0.03941999912261963
2024-08-12,0.10058,0.10866,0.10012,0.10791,363699600.5,0.03908999919891357
2024-08-13,0.10794,0.1091,0.1034,0.10637,191763685.6,0.03851999998092651
2024-08-14,0.10641,0.10716,0.10144,0.10238,132962687.1,0.03819999933242798
2024-08-15,0.10242,0.10496,0.09795,0.10023,219696226.1,0.03926000118255615
2024-08-16,0.10022,0.10208,0.09746,0.1004,158050621.7,0.03891999959945679
2024-08-17,0.10037,0.10372,0.10002,0.10282,73623826.4,0.03891999959945679
2024-08-18,0.10277,0.10449,0.09999,0.10008,86963802.1,0.03891999959945679
2024-08-19,0.10008,0.10189,0.0986,0.10136,143668279.2,0.03867000102996826
2024-08-20,0.10132,0.10573,0.1011,0.1029,330152467.0,0.03818000078201294
2024-08-21,0.10292,0.10799,0.10206,0.10617,174784990.0,0.037780001163482665
2024-08-22,0.10619,0.10691,0.104,0.10526,92922084.1,0.03861999988555908
2024-08-23,0.10528,0.11555,0.10523,0.11302,335174929.2,0.03806999921798706
2024-08-24,0.11301,0.11506,0.11079,0.11263,234326683.4,0.03806999921798706
2024-08-25,0.11261,0.11293,0.10785,0.10964,178653438.2,0.03806999921798706
2024-08-26,0.10962,0.11034,0.10444,0.10523,174360258.8,0.03818000078201294
2024-08-27,0.10521,0.10655,0.09639,0.09892,281655737.4,0.0383299994468689
2024-08-28,0.09893,0.1019,0.09682,0.09969,241627720.0,0.038410000801086426
2024-08-29,0.09968,0.10262,0.09826,0.10041,157715274.4,0.03867000102996826
2024-08-30,0.10035,0.10299,0.09697,0.10175,230557634.4,0.03911000013351441
2024-08-31,0.10176,0.10237,0.10035,0.10127,107369809.7,0.03911000013351441
2024-09-01,0.10127,0.10153,0.09394,0.09509,126920313.9,0.03911000013351441
2024-09-02,0.09506,0.09992,0.0941,0.0991,152965905.2,0.03911000013351441
2024-09-03,0.09907,0.10079,0.09643,0.09678,149410285.7,0.03844000101089477
2024-09-04,0.09675,0.09951,0.09191,0.09802,264858235.2,0.037679998874664306
2024-09-05,0.09799,0.09916,0.09599,0.09839,151807887.0,0.037309999465942385
2024-09-06,0.09839,0.09941,0.08888,0.09253,281003829.8,0.037100000381469725
2024-09-07,0.09252,0.0957,0.09172,0.09541,164254061.4,0.037100000381469725
2024-09-08,0.09541,0.097,0.09383,0.09618,104784601.6,0.037100000381469725
2024-09-09,0.09614,0.10495,0.09574,0.10375,298393023.4,0.03697000026702881
2024-09-10,0.10377,0.10459,0.10151,0.10281,144723093.7,0.03645999908447266
2024-09-11,0.10281,0.10306,0.09783,0.1013,175380118.9,0.036530001163482664
2024-09-12,0.10132,0.10335,0.10044,0.10269,149355243.4,0.036800000667572025
2024-09-13,0.1027,0.10856,0.10177,0.10705,335114644.8,0.03650000095367432
2024-09-14,0.10706,0.1078,0.10423,0.10542,137459933.7,0.03650000095367432
2024-09-15,0.1054,0.10644,0.10216,0.10279,116102531.5,0.03650000095367432
2024-09-16,0.10279,0.10323,0.09833,0.09965,167463709.5,0.03621000051498413
2024-09-17,0.09966,0.10264,0.09869,0.10115,261324391.2,0.036419999599456784
2024-09-18,0.10112,0.10389,0.09934,0.10386,171449503.2,0.03684999942779541
2024-09-19,0.10388,0.10715,0.10333,0.10498,225483879.9,0.03740000009536743
2024-09-20,0.10501,0.10753,0.10361,0.10555,215211486.0,0.03727999925613403
2024-09-21,0.10554,0.11052,0.10405,0.10995,180078952.7,0.03727999925613403
2024-09-22,0.10991,0.10998,0.10378,0.1063,126283510.6,0.03727999925613403
2024-09-23,0.10632,0.1092,0.10409,0.10805,204365592.1,0.03739000082015991
2024-09-24,0.10804,0.11063,0.10677,0.10978,193499330.1,0.037360000610351565
2024-09-25,0.10978,0.11117,0.10798,0.10848,163030753.8,0.037809998989105226
2024-09-26,0.10851,0.12072,0.10696,0.11817,428779246.0,0.03790999889373779
2024-09-27,0.11818,0.12875,0.11702,0.12352,493157799.4,0.03749000072479248
2024-09-28,0.12356,0.13213,0.12009,0.12811,412454103.5,0.03749000072479248
2024-09-29,0.12813,0.13042,0.12432,0.12432,258412885.7,0.03749000072479248
2024-09-30,0.1244,0.12465,0.1132,0.1142,339383872.9,0.03802000045776367
2024-10-01,0.11418,0.11933,0.10255,0.10687,455269272.7,0.03743000030517578
2024-10-02,0.10683,0.10949,0.10222,0.1046,328088438.1,0.037850000858306886
2024-10-03,0.10457,0.10678,0.10107,0.10506,259833381.4,0.038499999046325686
2024-10-04,0.10507,0.11057,0.10477,0.10924,275757991.0,0.03980999946594238
2024-10-05,0.10924,0.11025,0.10746,0.10939,119946974.5,0.03980999946594238
2024-10-06,0.1094,0.11288,0.10839,0.11155,125172776.1,0.03980999946594238
2024-10-07,0.11156,0.11547,0.1082,0.10839,346457494.9,0.040260000228881834
2024-10-08,0.10838,0.1098,0.10516,0.10706,177570233.1,0.040329999923706054
2024-10-09,0.10706,0.11143,0.10592,0.10785,234969961.5,0.04066999912261963
2024-10-10,0.10782,0.10852,0.10299,0.10593,254031129.1,0.04096000194549561
2024-10-11,0.10593,0.1114,0.10558,0.11072,214412207.1,0.04072999954223633
2024-10-12,0.11073,0.11215,0.10932,0.11135,125068955.6,0.04072999954223633
2024-10-13,0.11137,0.11211,0.10858,0.11132,108928446.5,0.04072999954223633
2024-10-14,0.11134,0.11768,0.10927,0.11664,320206560.4,0.04098000049591064
2024-10-15,0.11666,0.11926,0.11012,0.11744,371750476.2,0.040380001068115234
2024-10-16,0.11744,0.13,0.11577,0.1257,835381479.9,0.040159997940063474
2024-10-17,0.1257,0.13091,0.12042,0.12962,587444479.5,0.04096000194549561
2024-10-18,0.12961,0.14085,0.12955,0.13716,780319346.9,0.04072999954223633
2024-10-19,0.13719,0.14702,0.13698,0.14406,544390239.0,0.04072999954223633
2024-10-20,0.14406,0.14571,0.13716,0.14209,332533404.0,0.04072999954223633
2024-10-21,0.14212,0.14966,0.13812,0.14362,571539805.3,0.04182000160217285
2024-10-22,0.14359,0.14841,0.13637,0.13961,540814925.3,0.04203999996185303
2024-10-23,0.13962,0.14086,0.13274,0.13989,439786248.7,0.04242000102996826
2024-10-24,0.13985,0.1437,0.13619,0.14182,344837977.9,0.04199999809265137
2024-10-25,0.14179,0.14265,0.12759,0.13135,424160472.6,0.0423199987411499
2024-10-26,0.13133,0.138,0.13045,0.1373,186931796.8,0.0423199987411499
2024-10-27,0.13729,0.1461,0.13591,0.1441,349337940.8,0.0423199987411499
2024-10-28,0.1441,0.16249,0.14097,0.16137,925459233.4,0.04277999877929688
2024-10-29,0.1613,0.17976,0.16038,0.1758,999017763.5,0.042740001678466796
2024-10-30,0.17579,0.1779,0.16439,0.16826,516948719.3,0.04265999794006348
2024-10-31,0.16822,0.17357,0.15614,0.16144,543256795.1,0.04283999919891358
2024-11-01,0.16143,0.16894,0.15403,0.15903,572407304.4,0.043610000610351564
2024-11-02,0.15908,0.16358,0.15542,0.15956,267039267.3,0.043610000610351564
2024-11-03,0.15955,0.15985,0.14208,0.15135,619836416.5,0.043610000610351564
2024-11-04,0.15135,0.16015,0.14807,0.15812,682639964.9,0.04309000015258789
2024-11-05,0.15813,0.17957,0.15787,0.17,1023358911.9,0.04289000034332276
2024-11-06,0.17,0.2193,0.16903,0.19664,2518219264.8,0.04426000118255615
2024-11-07,0.19664,0.20443,0.18534,0.1934,898069021.9,0.043410000801086424
2024-11-08,0.19341,0.20759,0.19059,0.20215,900869236.9,0.04306000232696533
2024-11-09,0.20215,0.22,0.19751,0.21908,761365096.2,0.04306000232696533
2024-11-10,0.21913,0.29877,0.21671,0.27796,2520483960.9,0.04306000232696533
2024-11-11,0.27813,0.35189,0.27251,0.35185,2519389788.8,0.04308000087738037
2024-11-12,0.35176,0.4395,0.32706,0.38028,4205191907.4,0.04432000160217285
2024-11-13,0.38048,0.4346,0.35201,0.39976,3196380277.5,0.04451000213623047
2024-11-14,0.39974,0.41646,0.3518,0.36264,1732342666.5,0.04418000221252441
2024-11-15,0.36276,0.385,0.35141,0.38159,1336098430.5,0.04427999973297119
2024-11-16,0.38171,0.39158,0.36,0.36433,768174634.1,0.04427999973297119
2024-11-17,0.36432,0.37558,0.33911,0.36706,738777289.5,0.04427999973297119
2024-11-18,0.36719,0.38268,0.35752,0.3715,1001287918.6,0.04414000034332275
2024-11-19,0.37144,0.4204,0.36655,0.39124,1295140701.3,0.04379000186920166
2024-11-20,0.3913,0.39731,0.365,0.37807,810483804.7,0.04406000137329102
2024-11-21,0.37811,0.39555,0.36918,0.38695,788278634.3,0.04432000160217285
2024-11-22,0.38701,0.42,0.38105,0.41318,1357538192.1,0.04409999847412109
2024-11-23,0.41321,0.48078,0.40444,0.43069,2027049241.9,0.04409999847412109
2024-11-24,0.43062,0.4554,0.4,0.43069,1129579630.5,0.04409999847412109
2024-11-25,0.43071,0.43792,0.38023,0.3927,1166265758.5,0.042649998664855956
2024-11-26,0.39266,0.40887,0.3646,0.38699,952012402.6,0.04302000045776367
2024-11-27,0.38688,0.40846,0.38002,0.40141,588365790.8,0.04242000102996826
2024-11-28,0.40141,0.42934,0.39116,0.40166,525120516.7,0.04242000102996826
2024-11-29,0.40168,0.43782,0.39947,0.42647,726643795.4,0.04177999973297119
2024-11-30,0.42646,0.43576,0.41374,0.42185,648577958.8,0.04177999973297119
2024-12-01,0.42188,0.45,0.41667,0.44055,710018463.2,0.04177999973297119
2024-12-02,0.44052,0.46395,0.40041,0.4247,1085374981.5,0.04196000099182129
2024-12-03,0.42479,0.42975,0.38823,0.40659,812427614.9,0.04223000049591064
2024-12-04,0.40669,0.438,0.40027,0.43332,669661413.9,0.04179999828338623
2024-12-05,0.4333,0.46591,0.40765,0.42733,1572321274.0,0.04179999828338623
2024-12-06,0.42738,0.4423,0.42039,0.4354,569852387.7,0.041510000228881835
2024-12-07,0.43541,0.46654,0.43123,0.45327,702836290.5,0.041510000228881835
2024-12-08,0.45327,0.48464,0.446,0.46682,660736200.2,0.041510000228881835
2024-12-09,0.46707,0.46795,0.38005,0.41402,1037803723.5,0.04198999881744385
2024-12-10,0.41401,0.423,0.36522,0.39395,1163323138.3,0.0422100019454956
2024-12-11,0.39409,0.41941,0.37537,0.41427,722217830.5,0.042709999084472657
2024-12-12,0.41427,0.42419,0.40089,0.40623,461388912.9,0.04323999881744385
2024-12-13,0.40611,0.41228,0.39924,0.40907,630225250.4,0.0439900016784668
2024-12-14,0.40903,0.41412,0.38734,0.39824,285487667.4,0.0439900016784668
2024-12-15,0.39831,0.4111,0.3922,0.40648,231274563.5,0.0439900016784668
2024-12-16,0.40652,0.41499,0.39222,0.40208,391126488.9,0.04396999835968018
2024-12-17,0.40208,0.41023,0.39109,0.39416,255231157.5,0.04385000228881836
2024-12-18,0.39409,0.39638,0.349,0.35816,515225711.1,0.0449399995803833
2024-12-19,0.35808,0.36719,0.30005,0.31403,1299082810.6,0.04570000171661377
2024-12-20,0.31404,0.32869,0.2615,0.31776,1652007275.9,0.0452400016784668
2024-12-21,0.31776,0.3499,0.31393,0.32025,691174180.2,0.0452400016784668
2024-12-22,0.32025,0.32435,0.30456,0.31234,384549262.8,0.0452400016784668
2024-12-23,0.31233,0.32841,0.30259,0.32456,572178409.9,0.045989999771118166
2024-12-24,0.32455,0.34027,0.31568,0.3369,361592526.3,0.045910000801086426
2024-12-25,0.33689,0.34191,0.32623,0.33413,245947116.0,0.045910000801086426
2024-12-26,0.33411,0.33774,0.30815,0.31236,260262068.5,0.045789999961853026
2024-12-27,0.31235,0.3245,0.30836,0.31143,231914707.3,0.0461899995803833
2024-12-28,0.31144,0.32689,0.31086,0.32386,124970725.4,0.0461899995803833
2024-12-29,0.32382,0.32916,0.31125,0.31369,171839646.5,0.0461899995803833
2024-12-30,0.31375,0.32277,0.30586,0.31337,297763510.6,0.04545000076293945
2024-12-31,0.31336,0.32873,0.30876,0.31536,290123039.2,0.045729999542236326
2025-01-01,0.31537,0.32686,0.31138,0.3244,209115808.7,0.045729999542236326
2025-01-02,0.32441,0.34458,0.3239,0.33858,327396382.5,0.045749998092651366
2025-01-03,0.3386,0.38932,0.33564,0.37969,451823532.2,0.045960001945495606
2025-01-04,0.37969,0.39879,0.37648,0.39478,364293061.2,0.045960001945495606
2025-01-05,0.39482,0.39781,0.37468,0.38223,169400684.8,0.045960001945495606
2025-01-06,0.3823,0.39549,0.3759,0.38797,254313674.8,0.04618000030517578
2025-01-07,0.38796,0.39846,0.34676,0.34798,551659093.3,0.04683000087738037
2025-01-08,0.34799,0.35552,0.32417,0.34218,548354891.1,0.04692999839782715
2025-01-09,0.34218,0.34676,0.31426,0.32104,482802300.3,0.04692999839782715
2025-01-10,0.32105,0.3398,0.32096,0.33381,393278173.9,0.047760000228881834
2025-01-11,0.33386,0.34809,0.3295,0.34106,159068546.6,0.047760000228881834
2025-01-12,0.34106,0.34342,0.32937,0.33575,161779917.9,0.047760000228881834
2025-01-13,0.33577,0.34589,0.31,0.33795,503482103.2,0.048029999732971194
2025-01-14,0.33799,0.362,0.33565,0.35579,442068313.7,0.047880001068115234
2025-01-15,0.35579,0.38782,0.34809,0.38527,562534488.7,0.04652999877929687
2025-01-16,0.38523,0.39016,0.36765,0.37642,526516116.1,0.046059999465942386
2025-01-17,0.37645,0.42205,0.37542,0.41549,772403093.0,0.046090002059936526
2025-01-18,0.41553,0.43434,0.38314,0.39597,850598487.8,0.046090002059936526
2025-01-19,0.39597,0.40963,0.34633,0.35791,1108182223.9,0.046090002059936526
2025-01-20,0.35791,0.3861,0.34452,0.35413,1193509210.6,0.046090002059936526
2025-01-21,0.35413,0.4016,0.33533,0.37189,1032733790.3,0.045739998817443846
2025-01-22,0.37191,0.37384,0.35489,0.36255,339775885.5,0.045989999771118166
2025-01-23,0.36269,0.36437,0.34128,0.35218,408474812.0,0.04638000011444092
2025-01-24,0.3522,0.36469,0.34282,0.35086,212809180.4,0.04625999927520752
2025-01-25,0.35079,0.36154,0.3454,0.35347,141757204.5,0.04625999927520752
2025-01-26,0.35347,0.35728,0.33495,0.33591,164711858.7,0.04625999927520752
2025-01-27,0.33589,0.33705,0.305,0.33392,591876694.8,0.04527999877929687
2025-01-28,0.33403,0.33907,0.31483,0.31849,246892479.0,0.04551000118255615
2025-01-29,0.31857,0.33473,0.31662,0.32403,281691550.1,0.04554999828338623
2025-01-30,0.32406,0.33896,0.32203,0.33156,191457845.9,0.0451200008392334
2025-01-31,0.33155,0.34172,0.32329,0.32886,219430572.8,0.045689997673034666
2025-02-01,0.32877,0.33222,0.30323,0.30784,195537446.3,0.045689997673034666
2025-02-02,0.30784,0.31481,0.25,0.26802,857402177.7,0.045689997673034666
2025-02-03,0.26809,0.29331,0.20101,0.28515,1704771557.2,0.04543000221252441
2025-02-04,0.28512,0.28926,0.25526,0.26352,649566948.0,0.04513000011444092
2025-02-05,0.26359,0.26925,0.2534,0.25612,298664647.9,0.04421999931335449
2025-02-06,0.25622,0.26607,0.24291,0.24789,295339639.9,0.04440000057220459
2025-02-07,0.24796,0.2618,0.23866,0.24657,315722582.2,0.044869999885559085
2025-02-08,0.24656,0.2542,0.24451,0.25301,123051300.1,0.044869999885559085
2025-02-09,0.253,0.26007,0.23971,0.249,215912909.6,0.044869999885559085
2025-02-10,0.24899,0.25649,0.24166,0.25542,228841749.1,0.04493000030517578
2025-02-11,0.2554,0.27012,0.24839,0.25306,268445540.5,0.04537000179290771
2025-02-12,0.25304,0.2673,0.2466,0.26422,349659388.7,0.0463700008392334
2025-02-13,0.26422,0.26724,0.25333,0.2625,240792341.9,0.04525000095367432
2025-02-14,0.2625,0.28684,0.2608,0.27184,329331595.6,0.044720001220703125
2025-02-15,0.27185,0.2833,0.26826,0.27166,221333925.1,0.044720001220703125
2025-02-16,0.27176,0.27431,0.26355,0.26557,119858327.3,0.044720001220703125
2025-02-17,0.26555,0.26887,0.25373,0.25822,212252408.9,0.044720001220703125
2025-02-18,0.2582,0.25986,0.24193,0.25125,333112853.5,0.04544000148773193
2025-02-19,0.25123,0.2554,0.24879,0.25477,138014145.6,0.04534999847412109
2025-02-20,0.25482,0.25759,0.24991,0.25483,124860097.2,0.045
2025-02-21,0.25483,0.26123,0.23412,0.23958,235170912.7,0.04420000076293945
2025-02-22,0.23959,0.24785,0.23796,0.2467,105434183.5,0.04420000076293945
2025-02-23,0.2467,0.24762,0.2404,0.24285,75098651.7,0.04420000076293945
2025-02-24,0.24284,0.24394,0.20601,0.2104,373036246.4,0.0439300012588501
2025-02-25,0.21043,0.21455,0.19534,0.21147,600722569.4,0.04297999858856201
2025-02-26,0.21145,0.21383,0.19579,0.20321,331209188.4,0.04249000072479248
2025-02-27,0.20329,0.21134,0.20068,0.2066,207519674.5,0.0428499984741211
2025-02-28,0.20667,0.20707,0.18127,0.20172,527208271.6,0.04230999946594238
2025-03-01,0.20174,0.20896,0.19923,0.20669,142151454.5,0.04230999946594238
2025-03-02,0.20668,0.24229,0.20159,0.2394,482332576.6,0.04230999946594238
2025-03-03,0.23937,0.24063,0.19275,0.19901,511627234.8,0.04179999828338623
2025-03-04,0.19891,0.20236,0.18264,0.19906,474187889.1,0.04210000038146973
2025-03-05,0.199,0.20661,0.1963,0.20476,241800193.1,0.042649998664855956
2025-03-06,0.20476,0.22,0.19896,0.2015,309020536.2,0.04285999774932861
2025-03-07,0.20151,0.20868,0.19023,0.19834,360622929.1,0.04316999912261963
2025-03-08,0.19835,0.2008,0.19089,0.19229,132495343.9,0.04316999912261963
2025-03-09,0.19221,0.19419,0.16533,0.168,384816186.5,0.04316999912261963
2025-03-10,0.16802,0.18095,0.15032,0.15396,581496503.7,0.04212999820709228
2025-03-11,0.15398,0.16865,0.1427,0.16451,763159143.9,0.04288000106811524
2025-03-12,0.16453,0.17408,0.15947,0.17243,440862112.1,0.04317999839782715
2025-03-13,0.17239,0.17298,0.16163,0.16514,316497999.1,0.042740001678466796
2025-03-14,0.16519,0.17627,0.16455,0.17193,208634783.4,0.04308000087738037
2025-03-15,0.17193,0.17784,0.17118,0.17597,113628383.5,0.04308000087738037
2025-03-16,0.176,0.17687,0.16573,0.16818,176484506.8,0.04308000087738037
2025-03-17,0.1682,0.17621,0.16801,0.17333,164485715.6,0.04306000232696533
2025-03-18,0.17336,0.17349,0.16275,0.16799,154735777.5,0.042810001373291016
2025-03-19,0.16798,0.17885,0.1668,0.17808,230201619.7,0.042560000419616696
2025-03-20,0.17809,0.17924,0.16655,0.16934,157526180.8,0.04232999801635742
2025-03-21,0.16937,0.17151,0.16458,0.16721,121770648.5,0.042519998550415036
2025-03-22,0.16714,0.16971,0.16659,0.16729,54872153.8,0.042519998550415036
2025-03-23,0.16725,0.1726,0.16704,0.1726,86110816.9,0.042519998550415036
2025-03-24,0.1726,0.1892,0.17067,0.18301,266804864.7,0.043309998512268064
2025-03-25,0.183,0.19371,0.18084,0.19074,329647474.9,0.04307000160217285
2025-03-26,0.19071,0.2058,0.18941,0.19489,374388260.4,0.043379998207092284
2025-03-27,0.19214,0.19228,0.19015,0.19045,5238307.7,0.043689999580383304
2025-03-28,0.1905,0.19292,0.17713,0.18014,354832217.1,0.04255000114440918
2025-03-29,0.18016,0.1825,0.16574,0.16948,248575818.6,0.04255000114440918
2025-03-30,0.16949,0.17277,0.16442,0.16651,174183899.6,0.04255000114440918
2025-03-31,0.16652,0.16836,0.16006,0.16659,312517283.3,0.04245999813079834
2025-04-01,0.16657,0.17574,0.16593,0.17397,270248157.6,0.041560001373291015
2025-04-02,0.17399,0.18007,0.16191,0.1638,442744241.6,0.04196000099182129
2025-04-03,0.1638,0.16745,0.15532,0.16225,280798642.0,0.04054999828338623
2025-04-04,0.16227,0.17275,0.15995,0.17124,400314086.6,0.039849998950958254
2025-04-05,0.17126,0.17158,0.16605,0.16886,104464598.0,0.039849998950958254
2025-04-06,0.16893,0.16994,0.14572,0.14915,348728144.6,0.039849998950958254
2025-04-07,0.14917,0.15405,0.12984,0.14951,1127807159.8,0.041550002098083495
2025-04-08,0.14949,0.15702,0.141,0.1421,468360334.2,0.042620000839233396
2025-04-09,0.14213,0.16427,0.13637,0.16027,619638525.3,0.04400000095367432
2025-04-10,0.16024,0.1604,0.14876,0.15348,334365458.3,0.04394000053405762
2025-04-11,0.15343,0.16245,0.15318,0.15998,215621048.9,0.04493000030517578
2025-04-12,0.15997,0.16948,0.15763,0.16764,169364269.6,0.04493000030517578
2025-04-13,0.16761,0.16863,0.16098,0.16255,174579050.2,0.04493000030517578
2025-04-14,0.16255,0.16949,0.15734,0.15853,195000102.4,0.043639998435974124
2025-04-15,0.15853,0.16131,0.15306,0.15355,163568894.5,0.04322999954223633
2025-04-16,0.1535,0.15736,0.15019,0.15467,179130387.3,0.0427899980545044
2025-04-17,0.15465,0.15947,0.15297,0.15589,106425244.4,0.04333000183105469
2025-04-18,0.15592,0.15892,0.15356,0.15761,76227825.2,0.04333000183105469
2025-04-19,0.1576,0.16088,0.15625,0.1573,78915604.4,0.04333000183105469
2025-04-20,0.1573,0.15955,0.15249,0.15526,113662215.3,0.04333000183105469
2025-04-21,0.15526,0.16357,0.155,0.1594,194988257.8,0.0440500020980835
2025-04-22,0.1594,0.18,0.15717,0.17866,382280428.2,0.04388999938964844
2025-04-23,0.17869,0.18554,0.17484,0.17875,342816087.8,0.0438700008392334
2025-04-24,0.17873,0.18396,0.16988,0.18267,311205936.5,0.04304999828338623
2025-04-25,0.18266,0.18637,0.17752,0.18175,323286070.6,0.04265999794006348
2025-04-26,0.1817,0.19313,0.18021,0.18198,213605008.3,0.04265999794006348
2025-04-27,0.18198,0.18362,0.17659,0.17945,130798263.6,0.04265999794006348
2025-04-28,0.17944,0.18282,0.17387,0.17912,209939477.9,0.04216000080108642
2025-04-29,0.17912,0.18079,0.17247,0.17471,153143405.5,0.04172999858856201
2025-04-30,0.17469,0.17673,0.16667,0.17223,201082219.3,0.04177000045776367
2025-05-01,0.17226,0.17996,0.17208,0.17935,78301087.4,0.04177000045776367
